"","p_val","avg_log2FC","pct.1","pct.2","p_val_adj","cluster","gene"
"TNFRSF13B",0,0.751515774248398,0.519,0.093,0,"0","TNFRSF13B"
"RP5-887A10.1",1.82648376143499e-223,0.817197459851172,0.398,0.077,3.02063884466119e-219,"0","RP5-887A10.1"
"CLECL1",2.82426874795847e-185,0.479597216477362,0.355,0.072,4.67077565537373e-181,"0","CLECL1"
"COTL1",7.19330696061744e-141,0.61013815610612,0.736,0.479,1.18962910514691e-136,"0","COTL1"
"SCIMP",2.11742873580459e-133,0.384019431274496,0.297,0.071,3.50180364327363e-129,"0","SCIMP"
"KLF6",2.54721402804638e-131,0.691380927848564,0.772,0.519,4.2125825595831e-127,"0","KLF6"
"AIM2",3.83303350536707e-117,0.343052692764436,0.29,0.077,6.33907081117606e-113,"0","AIM2"
"CTSH",1.31587752781401e-115,0.552856196907901,0.608,0.363,2.17619825549881e-111,"0","CTSH"
"CD82",5.77154583753909e-114,0.444717457761792,0.432,0.187,9.54498250612214e-110,"0","CD82"
"MS4A1",6.38964925138647e-114,0.54726133125,0.931,0.644,1.0567201931943e-109,"0","MS4A1"
"HLA-A",1.26298317091319e-102,0.29263841233522,0.997,0.978,2.08872156805623e-98,"0","HLA-A"
"CAPG",6.95810194021718e-102,0.45961608055869,0.456,0.226,1.15073089887312e-97,"0","CAPG"
"HLA-DPB1",7.15603900982806e-96,0.45987728090415,0.983,0.791,1.18346573144536e-91,"0","HLA-DPB1"
"HLA-DQB1",5.76292796287247e-92,0.442996485809445,0.971,0.75,9.53073026499849e-88,"0","HLA-DQB1"
"CRIP1",3.37602498166446e-90,0.291014720249842,0.464,0.228,5.58327011467669e-86,"0","CRIP1"
"CD24",3.38514824031972e-90,0.444470754527444,0.464,0.238,5.59835815984075e-86,"0","CD24"
"HLA-DPA1",2.38013315356146e-87,0.427349501067808,0.99,0.858,3.93626420935995e-83,"0","HLA-DPA1"
"MYL12A",5.70644541585445e-83,0.417885437313479,0.864,0.719,9.4373194287401e-79,"0","MYL12A"
"ITGB1",8.76064784688091e-83,0.419839242856266,0.36,0.163,1.44883594091716e-78,"0","ITGB1"
"AL928768.3",2.24562762395972e-82,0.78202096017844,0.345,0.149,3.71381896450458e-78,"0","AL928768.3"
"PPP1R15A",3.34590297633616e-82,0.457870719211376,0.687,0.481,5.53345434226474e-78,"0","PPP1R15A"
"BANK1",1.93727578104479e-78,0.37662584974656,0.667,0.442,3.20386668669188e-74,"0","BANK1"
"LTB",5.02163302935308e-78,0.479887957580742,0.875,0.66,8.30477670394413e-74,"0","LTB"
"HLA-E",8.20982530062786e-78,0.346844101437978,0.976,0.935,1.35774090821784e-73,"0","HLA-E"
"LY86",5.09082472709186e-77,0.355457325759667,0.586,0.366,8.41920593366453e-73,"0","LY86"
"TOMM7",5.67986789475192e-77,0.374856456819614,0.907,0.793,9.39336552434072e-73,"0","TOMM7"
"GPR183",1.26234334639599e-76,0.431211017044168,0.469,0.264,2.08766342626969e-72,"0","GPR183"
"SMIM14",3.05746061259438e-75,0.517032105957422,0.577,0.378,5.05642836110858e-71,"0","SMIM14"
"RPS29",7.00248145559977e-75,0.315888870811773,1,0.994,1.15807038312709e-70,"0","RPS29"
"LAPTM5",4.23995564554555e-72,0.407048646251423,0.938,0.757,7.01203864660322e-68,"0","LAPTM5"
"RPS14",1.42978233804879e-71,0.294650342708759,0.999,0.994,2.36457403066508e-67,"0","RPS14"
"EVI2B",1.56082583691824e-69,0.381822397790264,0.654,0.473,2.58129376909539e-65,"0","EVI2B"
"CD48",3.64637005404343e-68,0.341770776982995,0.741,0.535,6.03036679537702e-64,"0","CD48"
"RPL36",5.137497901582e-66,0.271551008706408,0.998,0.985,8.4963940296363e-62,"0","RPL36"
"RPS15A",8.03541418303451e-66,0.260911610704413,1,0.996,1.32889679759025e-61,"0","RPS15A"
"TSC22D3",1.2976870034276e-64,0.438348523664117,0.867,0.75,2.14611476626856e-60,"0","TSC22D3"
"MARCH1",1.77563087992197e-63,0.317040407650281,0.47,0.274,2.93653834921495e-59,"0","MARCH1"
"BLK",4.16676872066164e-63,0.300845075590938,0.451,0.257,6.89100211023022e-59,"0","BLK"
"RNASET2",4.57087261616207e-63,0.3550279692289,0.659,0.483,7.55930913260883e-59,"0","RNASET2"
"CD99",1.14495940181797e-62,0.364071143165665,0.558,0.383,1.89353385872655e-58,"0","CD99"
"BCL2A1",1.27912676930656e-62,0.287049234617748,0.319,0.151,2.11541985107919e-58,"0","BCL2A1"
"ACTG1",2.01124826676343e-61,0.445266998397996,0.955,0.876,3.32620238357335e-57,"0","ACTG1"
"CLIC1",1.54076715262575e-60,0.339180755740103,0.795,0.659,2.54812071701246e-56,"0","CLIC1"
"RPL14",1.72723299999461e-60,0.272076297167416,0.997,0.976,2.85649793539109e-56,"0","RPL14"
"RPL27A",8.93338426815611e-59,0.2779595238965,1,0.994,1.47740309026766e-54,"0","RPL27A"
"UBE2N",1.20770617595939e-58,0.320491665904627,0.484,0.306,1.99730447380164e-54,"0","UBE2N"
"CALM2",7.80579384701269e-58,0.403521434466023,0.755,0.639,1.29092218641896e-53,"0","CALM2"
"INPP5D",9.51225857791417e-58,0.284472077587204,0.446,0.266,1.57313732361544e-53,"0","INPP5D"
"ACP5",5.80831339954552e-57,0.311767349237845,0.368,0.199,9.60578870016838e-53,"0","ACP5"
"RPS28",5.20586104131467e-55,0.262460968355414,1,0.993,8.60945299012621e-51,"0","RPS28"
"SLC25A6",6.85293246324131e-55,0.300226134328552,0.905,0.852,1.13333797077085e-50,"0","SLC25A6"
"ZFAS1",2.31622179856884e-54,0.341386723158807,0.74,0.574,3.83056761047315e-50,"0","ZFAS1"
"RPL38",9.41079984919719e-54,0.284947265570498,0.996,0.957,1.55635807906023e-49,"0","RPL38"
"CD74",7.67132155554274e-53,0.328894446844961,1,0.983,1.26868315885566e-48,"0","CD74"
"IDS",1.02403864880515e-52,0.304835074526437,0.449,0.28,1.69355511739397e-48,"0","IDS"
"PSMB9",5.75665258914242e-52,0.355568349311128,0.7,0.562,9.52035205192374e-48,"0","PSMB9"
"RPLP2",6.27419377265675e-52,0.287429300242014,1,0.997,1.03762616612197e-47,"0","RPLP2"
"TPM3",7.27248896554788e-52,0.316702261287452,0.613,0.445,1.20272422512231e-47,"0","TPM3"
"ATP6V0E1",4.92335573909429e-51,0.300201320887645,0.729,0.598,8.14224572131414e-47,"0","ATP6V0E1"
"CD53",6.35836049509532e-51,0.331973491678924,0.788,0.64,1.05154565867886e-46,"0","CD53"
"KLF2",2.03732957440034e-50,0.37713860774855,0.476,0.307,3.36933565014328e-46,"0","KLF2"
"HLA-DQA1",2.04788929109291e-50,0.301416942921093,0.937,0.711,3.38679930960945e-46,"0","HLA-DQA1"
"CCDC50",7.76689197286081e-50,0.279372340454699,0.324,0.175,1.28448859447172e-45,"0","CCDC50"
"HLA-DRA",1.06058178793415e-49,0.34080732195524,0.997,0.899,1.7539901608855e-45,"0","HLA-DRA"
"RPL36A",7.31771702619325e-49,0.288273469417466,0.973,0.908,1.21020404179184e-44,"0","RPL36A"
"TCF4",2.88984288748066e-47,0.266703623914796,0.383,0.225,4.77922216731551e-43,"0","TCF4"
"GPSM3",5.93070178990546e-47,0.284124785547161,0.703,0.544,9.80819462014566e-43,"0","GPSM3"
"AC090498.1",7.25065089694064e-47,0.278782269318151,0.872,0.762,1.19911264533604e-42,"0","AC090498.1"
"ARHGAP24",7.44744195848833e-47,0.267033904553545,0.42,0.26,1.2316579510948e-42,"0","ARHGAP24"
"TAGLN2",1.47776193710351e-46,0.331283245081222,0.6,0.447,2.44392269158178e-42,"0","TAGLN2"
"BCAS4",1.24825750718701e-45,0.255648920992958,0.371,0.217,2.06436826538587e-41,"0","BCAS4"
"GSTK1",1.49503587731455e-45,0.313019991174333,0.518,0.374,2.4724903339028e-41,"0","GSTK1"
"LSP1",4.76107946727348e-45,0.303427689630092,0.681,0.54,7.87387322297688e-41,"0","LSP1"
"CMTM6",3.3969495674615e-44,0.266561068305575,0.379,0.23,5.61787519466782e-40,"0","CMTM6"
"RPL39",1.82839300551964e-43,0.2548719049536,1,0.987,3.02379635252838e-39,"0","RPL39"
"PTPN6",2.33466427161623e-43,0.282287606420063,0.517,0.359,3.86106777239892e-39,"0","PTPN6"
"VASP",1.30987402721775e-42,0.273846864887803,0.492,0.339,2.16626966621271e-38,"0","VASP"
"ACAP1",1.86530517376064e-42,0.271399308410921,0.63,0.476,3.08484169636534e-38,"0","ACAP1"
"SRSF5",2.41731237162853e-42,0.264544265221754,0.768,0.634,3.99775120019927e-38,"0","SRSF5"
"PNRC1",4.37732978677107e-42,0.263721645612041,0.728,0.582,7.239228001362e-38,"0","PNRC1"
"ARL6IP5",8.87020826132361e-42,0.283709826235265,0.616,0.473,1.4669550422577e-37,"0","ARL6IP5"
"ACTB",2.34109392246612e-41,0.332480100683471,0.998,0.963,3.87170112897447e-37,"0","ACTB"
"PNISR",5.34858414260559e-40,0.264961484375867,0.706,0.573,8.84548845504112e-36,"0","PNISR"
"NAP1L1",7.93198993374948e-39,0.264655135813117,0.731,0.596,1.31179249524349e-34,"0","NAP1L1"
"RP5-1171I10.5",9.85636906375648e-39,0.25301388221893,0.311,0.181,1.63004631576405e-34,"0","RP5-1171I10.5"
"PLP2",6.67129999616086e-38,0.263644690099297,0.448,0.306,1.10329959336508e-33,"0","PLP2"
"ARPC1B",7.33086275372982e-38,0.338491605579655,0.741,0.616,1.21237808221184e-33,"0","ARPC1B"
"POU2F2",8.63991947982148e-38,0.289929788662506,0.537,0.398,1.42886988357288e-33,"0","POU2F2"
"SYNGR2",1.75497938180536e-37,0.2757880003919,0.561,0.417,2.90238490162971e-33,"0","SYNGR2"
"YWHAZ",5.09068722595332e-37,0.255777560606122,0.584,0.445,8.4189785342816e-33,"0","YWHAZ"
"HLA-DRB5",3.8466255566561e-36,0.286104046200186,0.767,0.624,6.36154934559786e-32,"0","HLA-DRB5"
"CD44",1.72112378782528e-35,0.27610889482948,0.632,0.519,2.84639452030545e-31,"0","CD44"
"SELL",9.84190072670458e-34,0.252566823634985,0.641,0.488,1.6276535421824e-29,"0","SELL"
"RAC2",1.28570734369432e-30,0.251926705118347,0.751,0.652,2.12630280500166e-26,"0","RAC2"
"ARPC2",4.02928777080427e-30,0.268928384080679,0.813,0.744,6.66363611535611e-26,"0","ARPC2"
"HLA-DQA2",1.92868402746961e-28,0.294103140113904,0.365,0.241,3.18965764462924e-24,"0","HLA-DQA2"
"IFI44L",5.94686031862449e-23,0.322051384874611,0.258,0.168,9.83491759494118e-19,"0","IFI44L"
"DUSP1",3.77591851848787e-22,0.258459910425083,0.82,0.748,6.24461404587524e-18,"0","DUSP1"
"PLAC8",3.35842054075892e-21,0.299966115846394,0.523,0.415,5.5541558903071e-17,"0","PLAC8"
"MX1",7.76335442723624e-18,0.333001702478336,0.316,0.235,1.28390355517633e-13,"0","MX1"
"RP11-386I14.4",3.07478504229087e-15,0.32569298738575,0.441,0.365,5.08507950294063e-11,"0","RP11-386I14.4"
"NFKBIA",1.06780587343828e-12,0.273083940714103,0.512,0.447,1.76593735349222e-08,"0","NFKBIA"
"ISG15",8.77680509071913e-05,0.263375522577574,0.386,0.357,1,"0","ISG15"
"TCL1A",0,1.7759306515759,0.846,0.105,0,"1","TCL1A"
"IGHD",0,1.18320880654291,0.845,0.132,0,"1","IGHD"
"FCER2",0,1.03346614207411,0.654,0.137,0,"1","FCER2"
"CD72",9.34033799714643e-294,0.707252859380643,0.527,0.115,1.54470509796808e-289,"1","CD72"
"CD79B",9.77054545975772e-275,0.870269806999356,0.943,0.673,1.61585280813473e-270,"1","CD79B"
"BTG1",2.17025308496849e-197,0.700779189955159,0.994,0.868,3.58916455192089e-193,"1","BTG1"
"RPL18A",1.25879096266187e-183,0.468315897649428,1,0.996,2.0817884940502e-179,"1","RPL18A"
"HLA-DRB1",1.15216714481678e-169,0.716604188431966,0.998,0.874,1.90545402409799e-165,"1","HLA-DRB1"
"PHACTR1",6.09096322650077e-169,0.614831482919291,0.532,0.202,1.0073234983987e-164,"1","PHACTR1"
"HVCN1",2.00752829868502e-164,0.602399407765846,0.65,0.317,3.32005030036529e-160,"1","HVCN1"
"CXCR4",8.43328031218461e-157,0.729347257752404,0.922,0.721,1.39469589802909e-152,"1","CXCR4"
"RP11-231C14.7",5.44430707864758e-156,0.44915777051341,0.399,0.117,9.00379504666736e-152,"1","RP11-231C14.7"
"CD52",3.92230560154473e-151,0.53582848982296,0.993,0.895,6.48670900383467e-147,"1","CD52"
"RPS5",1.77999113567752e-150,0.453206347352271,0.999,0.984,2.94374934018348e-146,"1","RPS5"
"CD79A",1.04043008840435e-140,0.400958929026914,0.986,0.903,1.72066328020311e-136,"1","CD79A"
"HLA-DRA1",5.2556443228138e-139,0.533736227455779,0.999,0.917,8.69178458106947e-135,"1","HLA-DRA"
"C1orf162",9.33699777449384e-138,0.406779746991584,0.389,0.122,1.54415269194579e-133,"1","C1orf162"
"CD741",1.29151380803725e-136,0.41143932532077,1,0.986,2.135905535732e-132,"1","CD74"
"IL4R",1.64566635630524e-135,0.407727528056863,0.311,0.077,2.7216030200576e-131,"1","IL4R"
"CD37",3.94465277970746e-132,0.52390434050202,0.978,0.753,6.5236667670802e-128,"1","CD37"
"RPS19",8.81783603764013e-128,0.371697394685186,1,0.998,1.45829372390493e-123,"1","RPS19"
"VPREB3",1.48773859222732e-125,0.579849735297768,0.72,0.406,2.46042208382555e-121,"1","VPREB3"
"NCF1",2.81086797833357e-114,0.531020967125274,0.735,0.496,4.64861346256806e-110,"1","NCF1"
"HLA-DQA11",8.75494015187642e-110,0.502980999126091,0.965,0.742,1.44789200231732e-105,"1","HLA-DQA1"
"LINC00926",1.28696742181955e-108,0.466007124520315,0.517,0.249,2.12838672220517e-104,"1","LINC00926"
"FAM129C",6.12262578933023e-107,0.32256793449974,0.295,0.087,1.01255985303943e-102,"1","FAM129C"
"MARCKSL1",2.29208495162966e-106,0.562051618181645,0.555,0.297,3.79065009300513e-102,"1","MARCKSL1"
"CD22",1.06197177010134e-103,0.459141056218783,0.584,0.314,1.7562889133936e-99,"1","CD22"
"HLA-DMB",1.12173790640517e-100,0.466914548873463,0.762,0.5,1.85513014961287e-96,"1","HLA-DMB"
"RPS17",2.30977002959658e-100,0.373968430448141,1,0.993,3.81989767494683e-96,"1","RPS17"
"RPS3A",7.66426777292027e-99,0.352507502116686,1,0.988,1.26751660428555e-94,"1","RPS3A"
"CHI3L2",7.74510746413447e-97,0.512335686262557,0.414,0.18,1.28088587241856e-92,"1","CHI3L2"
"RPSA",5.6345687201942e-93,0.379648115355264,0.998,0.963,9.31844974945716e-89,"1","RPSA"
"HLA-DMA",6.33094898906472e-91,0.42232906876265,0.863,0.636,1.04701234381152e-86,"1","HLA-DMA"
"RPL15",1.38531421735102e-90,0.309374286163643,1,0.992,2.29103265265512e-86,"1","RPL15"
"MEF2C",4.93861401478135e-84,0.46818948260163,0.748,0.539,8.1674798576454e-80,"1","MEF2C"
"RPS9",1.27409714923648e-83,0.30200216250279,1,0.989,2.1071018654073e-79,"1","RPS9"
"RPS4Y1",6.23822868543525e-83,0.434230085739448,0.831,0.603,1.03167825999728e-78,"1","RPS4Y1"
"RPL10A",4.29040503630155e-82,0.331177612878347,0.999,0.977,7.0954718490355e-78,"1","RPL10A"
"FOXP1",5.52096187407864e-82,0.359891479695561,0.448,0.221,9.13056674735125e-78,"1","FOXP1"
"GLTSCR2",1.85431996200425e-79,0.384602914362007,0.929,0.792,3.06667435316264e-75,"1","GLTSCR2"
"HLA-DPA11",4.26078188527593e-79,0.364624295884303,0.997,0.881,7.04648108186934e-75,"1","HLA-DPA1"
"RPL13",1.27308895390801e-78,0.287692876415948,1,0.999,2.10543451197307e-74,"1","RPL13"
"RPL7",1.60252778074345e-78,0.301757890274051,0.999,0.986,2.65026044379352e-74,"1","RPL7"
"TSPAN13",3.50480378630961e-78,0.332185942219281,0.401,0.191,5.79624450179883e-74,"1","TSPAN13"
"HLA-DQB11",4.35579220631128e-78,0.392353129078163,0.973,0.792,7.2036091507976e-74,"1","HLA-DQB1"
"GABPB1-AS1",4.61543674890342e-78,0.405079772277245,0.494,0.267,7.63300929533648e-74,"1","GABPB1-AS1"
"CD83",7.34816824612562e-77,0.388033632198401,0.513,0.277,1.21524006454425e-72,"1","CD83"
"RPL12",1.47101820915324e-76,0.316430737288215,1,0.987,2.43276991429763e-72,"1","RPL12"
"LIMD2",5.75799921202025e-75,0.363081377808952,0.831,0.613,9.52257909683908e-71,"1","LIMD2"
"CYB561A3",1.32183444917721e-74,0.371807398045374,0.529,0.3,2.18604981204927e-70,"1","CYB561A3"
"RPS23",3.68261320527382e-74,0.298526256338697,1,0.99,6.09030571888184e-70,"1","RPS23"
"NBEAL1",1.96663507537037e-73,0.477779547831548,0.864,0.747,3.25242108764752e-69,"1","NBEAL1"
"HLA-DPB11",2.5355547394771e-73,0.369517817745209,0.995,0.823,4.19330042814723e-69,"1","HLA-DPB1"
"RPLP0",1.03494905882023e-67,0.315445922370568,0.996,0.975,1.7115987534769e-63,"1","RPLP0"
"RPL8",2.44979034657796e-63,0.279983496147656,0.999,0.991,4.05146327517063e-59,"1","RPL8"
"RPL5",3.67659429722848e-63,0.298068250391706,0.997,0.962,6.08035164875646e-59,"1","RPL5"
"HLA-DRB51",1.6332108096466e-62,0.363448485739827,0.849,0.617,2.70100403699355e-58,"1","HLA-DRB5"
"H3F3A",1.87695561533147e-62,0.312723006966581,0.94,0.893,3.10410919663518e-58,"1","H3F3A"
"CD69",2.09927237190602e-62,0.35754343489763,0.703,0.498,3.47177664865817e-58,"1","CD69"
"C11orf31",5.69935216370518e-62,0.383504075855627,0.69,0.511,9.42558860833563e-58,"1","C11orf31"
"GNB2L1",4.094399427233e-61,0.262618822708874,0.998,0.971,6.77131777275793e-57,"1","GNB2L1"
"RPL23",5.16364968936818e-61,0.317976648995409,0.99,0.922,8.53964385627709e-57,"1","RPL23"
"RPL34",8.54066246369012e-61,0.25604368662743,1,0.997,1.41245475824507e-56,"1","RPL34"
"RPL26",1.86184103472548e-58,0.26380363015555,1,0.99,3.079112703229e-54,"1","RPL26"
"RP11-693J15.5",4.02654041599433e-57,0.276378649803168,0.363,0.183,6.65909253997141e-53,"1","RP11-693J15.5"
"FCMR",9.9830491973997e-57,0.310852939139371,0.481,0.284,1.65099667626596e-52,"1","FCMR"
"RPL29",8.38251050830926e-56,0.25457365893525,1,0.983,1.38629958786419e-51,"1","RPL29"
"HNRNPA1",1.03482076744606e-55,0.324941292022031,0.941,0.888,1.7113865852023e-51,"1","HNRNPA1"
"SNX2",2.03343100558912e-53,0.29414709500042,0.51,0.319,3.36288819704329e-49,"1","SNX2"
"RPS26",9.17233166186635e-52,0.462361344858031,0.904,0.847,1.51692021023946e-47,"1","RPS26"
"BLOC1S2",3.81101842970978e-51,0.264178386743412,0.376,0.206,6.30266227905404e-47,"1","BLOC1S2"
"RPL22",1.89181388559585e-50,0.267072243592456,0.988,0.952,3.12868180399842e-46,"1","RPL22"
"LTB1",2.42059821035822e-49,0.286937135050115,0.897,0.693,4.00318532029043e-45,"1","LTB"
"RPS10",6.27900408742733e-49,0.26966355006055,0.989,0.932,1.03842169597873e-44,"1","RPS10"
"RASGRP2",5.9250205779371e-48,0.252365155788387,0.377,0.208,9.79879903179238e-44,"1","RASGRP2"
"RCSD1",1.41042713148142e-47,0.318827999662836,0.537,0.36,2.33256439004397e-43,"1","RCSD1"
"CORO1A",2.3730261627959e-47,0.261113353101365,0.926,0.8,3.92451066803187e-43,"1","CORO1A"
"LAPTM51",1.19655164824371e-46,0.252948208117727,0.956,0.784,1.97885711586545e-42,"1","LAPTM5"
"STX7",7.37303857026266e-46,0.272256586657801,0.459,0.288,1.21935311875004e-41,"1","STX7"
"RNASE6",1.17548945698883e-44,0.295408239158854,0.374,0.217,1.94402446396813e-40,"1","RNASE6"
"HLA-DOB",1.39050724073003e-43,0.268792003541476,0.511,0.337,2.29962087471933e-39,"1","HLA-DOB"
"RHOH",1.41639245888598e-43,0.307382676657047,0.542,0.374,2.34242984850563e-39,"1","RHOH"
"ARHGDIB",2.0757628315235e-41,0.250793948158498,0.909,0.788,3.43289657077356e-37,"1","ARHGDIB"
"EEF1B2",1.99470552858392e-40,0.255059441652075,0.95,0.893,3.29884400317209e-36,"1","EEF1B2"
"LYL1",7.80390393932747e-40,0.25925304499464,0.425,0.267,1.29060963348598e-35,"1","LYL1"
"BIRC3",4.51521907781429e-38,0.290466636178965,0.458,0.304,7.46726931088928e-34,"1","BIRC3"
"PABPC1",1.50195591942491e-37,0.252094309900643,0.949,0.843,2.48393469954492e-33,"1","PABPC1"
"SNHG8",2.95791196578821e-36,0.337821986032799,0.593,0.458,4.89179480902055e-32,"1","SNHG8"
"HNRNPK",2.21976716577434e-35,0.274924157816244,0.712,0.595,3.6710509387576e-31,"1","HNRNPK"
"CLEC2D",2.58419641195775e-35,0.253148858928585,0.454,0.301,4.27374402609573e-31,"1","CLEC2D"
"YBX1",7.03028110432629e-34,0.296942313342232,0.848,0.776,1.16266788903348e-29,"1","YBX1"
"TNFRSF13C",1.77240929993525e-31,0.259063956246845,0.571,0.421,2.93121050023291e-27,"1","TNFRSF13C"
"STAG3",7.75762697217634e-30,0.265825281093978,0.255,0.143,1.28295634865852e-25,"1","STAG3"
"IGHG1",0,6.59991133372502,0.861,0.469,0,"2","IGHG1"
"IGHG2",0,5.9701763385004,0.779,0.168,0,"2","IGHG2"
"IGHG3",0,5.96204198660818,0.858,0.437,0,"2","IGHG3"
"IGHG4",0,5.05482870785891,0.81,0.221,0,"2","IGHG4"
"IGHGP",0,4.88815088829661,0.718,0.046,0,"2","IGHGP"
"XBP1",0,2.42308494827783,0.83,0.193,0,"2","XBP1"
"MZB1",0,2.374588038854,0.807,0.206,0,"2","MZB1"
"SSR4",0,2.20409752579212,0.947,0.589,0,"2","SSR4"
"FKBP11",0,1.65193866944692,0.778,0.155,0,"2","FKBP11"
"DERL3",0,1.49037383938832,0.701,0.137,0,"2","DERL3"
"CD3D",0,1.39797031032037,0.701,0.176,0,"2","CD3D"
"PRDX4",0,1.35491089367104,0.701,0.143,0,"2","PRDX4"
"CD7",0,1.13286335296645,0.484,0.067,0,"2","CD7"
"IGLV3-1",2.68095944707208e-303,1.19081005093709,0.369,0.028,4.43377073356781e-299,"2","IGLV3-1"
"ITM2C",2.72666544988436e-303,1.15478714501971,0.677,0.172,4.50935932101875e-299,"2","ITM2C"
"SDC1",4.69570715649455e-303,0.593058884480558,0.35,0.023,7.76576049541069e-299,"2","SDC1"
"CD2",4.44723187532964e-300,1.11360555451742,0.487,0.075,7.35483207542015e-296,"2","CD2"
"NUCB2",1.98691114695909e-299,0.676194678470316,0.48,0.066,3.28595365484095e-295,"2","NUCB2"
"FKBP2",2.78402725089779e-293,1.10879262324387,0.749,0.232,4.60422426753477e-289,"2","FKBP2"
"SEC11C",1.15015170731534e-292,1.30588639964924,0.752,0.248,1.90212089355811e-288,"2","SEC11C"
"SDF2L1",5.62828050962448e-292,1.04643825960457,0.66,0.158,9.30805030681697e-288,"2","SDF2L1"
"VIMP",2.0086343656373e-289,0.942529742055919,0.661,0.164,3.32187951389097e-285,"2","VIMP"
"IL32",2.61893955977769e-286,1.59650019183959,0.595,0.143,4.33120224396034e-282,"2","IL32"
"LINC00152",2.81089068050444e-284,0.881769547233358,0.536,0.099,4.64865100741824e-280,"2","LINC00152"
"CD3E",1.34071936564412e-267,0.702258768315406,0.377,0.041,2.21728168690224e-263,"2","CD3E"
"HSP90B1",2.4789375994486e-267,1.51400592588952,0.792,0.31,4.09966700196809e-263,"2","HSP90B1"
"SPCS3",1.64178965665601e-265,0.856698226578712,0.64,0.165,2.7151917341777e-261,"2","SPCS3"
"GZMA",1.05899733219691e-254,1.29390380678036,0.483,0.092,1.75136978798724e-250,"2","GZMA"
"CD3G",1.64270780658023e-254,0.607415985246802,0.341,0.033,2.71671017052238e-250,"2","CD3G"
"CD38",3.02604614930667e-249,0.668909199952896,0.389,0.05,5.00447512172338e-245,"2","CD38"
"SSR3",1.67828691617886e-248,0.999664308733281,0.692,0.228,2.77555090197661e-244,"2","SSR3"
"CST7",6.21899453394742e-245,0.680252259136072,0.371,0.045,1.02849731602422e-240,"2","CST7"
"JSRP1",4.90973477654171e-233,0.699806616282155,0.323,0.032,8.11971937344468e-229,"2","JSRP1"
"SRGN",2.17224954890954e-224,1.22529339808293,0.843,0.418,3.5924663039866e-220,"2","SRGN"
"CADM1",2.83016585822351e-224,0.464692173731072,0.285,0.023,4.68052829633005e-220,"2","CADM1"
"RRBP1",5.96813113094136e-224,0.544826128560043,0.37,0.05,9.87009526435082e-220,"2","RRBP1"
"NKG7",1.94831943621075e-223,1.22013286824787,0.417,0.073,3.22213068360535e-219,"2","NKG7"
"PRDM1",3.07802810845959e-223,0.518477785600017,0.356,0.045,5.09044288577047e-219,"2","PRDM1"
"LMAN1",6.64202450091047e-219,0.722744955970436,0.533,0.129,1.09845801196057e-214,"2","LMAN1"
"ID2",2.96998571104117e-217,0.873020807304551,0.443,0.087,4.91176236891989e-213,"2","ID2"
"GAS6",4.99182555062575e-217,0.415674463069163,0.282,0.024,8.25548109562487e-213,"2","GAS6"
"MANF",1.75798126204738e-214,0.830983943962513,0.586,0.163,2.90734941117396e-210,"2","MANF"
"GNLY",1.94315343660456e-207,1.53235068633353,0.472,0.109,3.21358715345663e-203,"2","GNLY"
"CD63",1.48195865059583e-205,0.832241022683922,0.718,0.282,2.45086321635539e-201,"2","CD63"
"MYDGF",9.6396270333998e-205,1.01907421391001,0.642,0.218,1.59420151878366e-200,"2","MYDGF"
"GZMB",2.53487977159034e-204,1.43554067755641,0.461,0.107,4.1921841662561e-200,"2","GZMB"
"TXNDC15",6.28849629575236e-198,0.556751029982688,0.44,0.092,1.03999151739153e-193,"2","TXNDC15"
"HM13",2.48938975495919e-194,0.637400376262959,0.56,0.162,4.1169527767515e-190,"2","HM13"
"SELK",8.63945606470942e-194,0.87657674026386,0.748,0.332,1.42879324398164e-189,"2","SELK"
"TRBC1",1.80455377558921e-192,1.04102866094277,0.458,0.109,2.98437103406944e-188,"2","TRBC1"
"SPAG4",1.23239114815043e-191,0.353527192416562,0.253,0.022,2.03812848081118e-187,"2","SPAG4"
"HERPUD1",1.54934381013923e-189,1.36139031414202,0.83,0.479,2.56230479320827e-185,"2","HERPUD1"
"ERLEC1",3.08793622510792e-186,0.672033653274577,0.51,0.139,5.10682892908348e-182,"2","ERLEC1"
"LAG3",2.87069882952892e-183,0.564336353554403,0.25,0.024,4.74756172427492e-179,"2","LAG3"
"SEC61B",5.48255980886196e-182,0.973467815982393,0.792,0.408,9.06705741189591e-178,"2","SEC61B"
"FYB",4.16255086081462e-180,0.521821161950839,0.29,0.038,6.88402661361522e-176,"2","FYB"
"CHPF",4.85213081695326e-180,0.375397320611442,0.282,0.033,8.0244539450773e-176,"2","CHPF"
"RABAC1",6.69123732768345e-180,0.81703224642601,0.758,0.358,1.10659682925229e-175,"2","RABAC1"
"TIGIT",1.49349792468726e-178,0.500047943940964,0.289,0.038,2.4699468678478e-174,"2","TIGIT"
"CD59",1.87637320619876e-178,0.547387773860731,0.441,0.104,3.10314600841152e-174,"2","CD59"
"LAT",1.91320550804639e-178,0.467470531359808,0.304,0.043,3.16405926920711e-174,"2","LAT"
"PIM2",3.64986576529091e-177,0.942497315784402,0.671,0.269,6.0361480026381e-173,"2","PIM2"
"PDIA4",5.64252689988164e-177,0.766304886276492,0.529,0.154,9.33161098702425e-173,"2","PDIA4"
"TNFRSF18",8.55105183796522e-176,0.618204400912298,0.3,0.042,1.41417295296269e-171,"2","TNFRSF18"
"HSPA5",2.13289386269858e-173,1.01048444066113,0.683,0.273,3.52737987013092e-169,"2","HSPA5"
"SLAMF7",1.04106804553928e-171,0.380981222967381,0.299,0.042,1.72171833371285e-167,"2","SLAMF7"
"CD8A",2.11424731993686e-170,0.508141803490153,0.261,0.03,3.49654221771158e-166,"2","CD8A"
"SPCS2",1.79275702340024e-169,0.809994601711896,0.85,0.517,2.96486156529932e-165,"2","SPCS2"
"RP11-16E12.2",2.03630781244897e-169,0.49943384869543,0.295,0.043,3.36764586022811e-165,"2","RP11-16E12.2"
"MIR4435-2HG",8.97891798447801e-168,0.485308727246485,0.29,0.041,1.48493345627297e-163,"2","MIR4435-2HG"
"DNAJB9",1.89889263590088e-167,0.658990405675902,0.508,0.15,3.14038864125287e-163,"2","DNAJB9"
"RPN2",3.59130318406417e-166,0.772404390820064,0.632,0.253,5.93929720580533e-162,"2","RPN2"
"AAK1",6.20593603818471e-164,0.347473674402769,0.259,0.031,1.02633770199499e-159,"2","AAK1"
"ANKRD28",1.07486494410555e-160,0.533614018054796,0.364,0.074,1.77761164456176e-156,"2","ANKRD28"
"CRELD2",8.46134949897676e-154,0.637234519931269,0.493,0.148,1.39933798014078e-149,"2","CRELD2"
"CCL5",4.40142480834996e-153,1.69986378316222,0.504,0.179,7.27907634804917e-149,"2","CCL5"
"SEC61G",1.7845932769979e-148,0.864315228612676,0.781,0.435,2.95136036149912e-144,"2","SEC61G"
"CD247",6.43607733926312e-147,0.378442580795396,0.279,0.045,1.06439847036733e-142,"2","CD247"
"KDELR2",1.75277397023617e-146,0.650249380010625,0.572,0.214,2.89873759197659e-142,"2","KDELR2"
"ALG5",5.97299608244938e-146,0.460474310950065,0.437,0.12,9.87814092115478e-142,"2","ALG5"
"IFI6",6.00365572067098e-145,1.01648870025453,0.574,0.218,9.92884583084566e-141,"2","IFI6"
"SEC61A1",7.442583191813e-143,0.415388530995317,0.364,0.083,1.23085440826203e-138,"2","SEC61A1"
"TMEM59",1.1753924599915e-142,0.687972326096247,0.787,0.449,1.94386405033394e-138,"2","TMEM59"
"TMED10",3.50650966229561e-142,0.628424330602614,0.631,0.271,5.79906567950448e-138,"2","TMED10"
"H1FX",3.92185212503605e-139,0.742707441909842,0.448,0.133,6.48595904438463e-135,"2","H1FX"
"DNAJC1",9.33423744644832e-139,0.437946029294205,0.392,0.1,1.54369618889362e-134,"2","DNAJC1"
"CCL4",6.7930636067678e-138,1.44218066130319,0.507,0.187,1.12343685928726e-133,"2","CCL4"
"TXNDC11",2.92566274372078e-136,0.508571431001733,0.385,0.1,4.83846104556543e-132,"2","TXNDC11"
"P4HB",4.9975648828696e-134,0.709955008706269,0.639,0.29,8.26497280328974e-130,"2","P4HB"
"CCND2",1.36060302023691e-133,0.593557463512847,0.342,0.08,2.25016527486779e-129,"2","CCND2"
"CITED2",1.82424636173722e-133,0.966990203720039,0.443,0.141,3.01693863304102e-129,"2","CITED2"
"NANS",7.59922495347021e-133,0.444679526611275,0.383,0.099,1.2567598228049e-128,"2","NANS"
"IGKC",3.31317942511403e-132,3.45807731348264,0.962,0.931,5.47933613325358e-128,"2","IGKC"
"PPIB",1.38956504861101e-130,0.880875110983178,0.764,0.418,2.29806267739288e-126,"2","PPIB"
"SIL1",6.30641886518276e-130,0.36764132097638,0.325,0.071,1.04295555192393e-125,"2","SIL1"
"CXCL13",7.27269837716263e-129,1.17212464750525,0.271,0.05,1.20275885761516e-124,"2","CXCL13"
"LGALS1",1.54025218597192e-128,1.12866585522297,0.657,0.313,2.54726906516037e-124,"2","LGALS1"
"SEC14L1",2.21125079928591e-128,0.378105322401988,0.336,0.078,3.65696657185904e-124,"2","SEC14L1"
"TNFRSF4",4.08337241394614e-128,0.704646751204924,0.289,0.058,6.75308129818412e-124,"2","TNFRSF4"
"HLA-C",4.59638893229754e-128,0.844890395315782,0.992,0.991,7.60150801623368e-124,"2","HLA-C"
"MT2A",2.52227846409447e-127,1.009029656772,0.486,0.173,4.17134412391944e-123,"2","MT2A"
"KRTCAP2",8.44430038442251e-125,0.555854849446988,0.699,0.342,1.3965183975758e-120,"2","KRTCAP2"
"PECAM1",4.8300302641832e-122,0.326803050201146,0.259,0.047,7.98790405090618e-118,"2","PECAM1"
"TMEM258",9.21123215993685e-122,0.715996975850475,0.818,0.524,1.52335357461036e-117,"2","TMEM258"
"TECR",1.62032509939779e-120,0.499426105259469,0.529,0.207,2.67969364938407e-116,"2","TECR"
"PDIA6",4.00195442659145e-120,0.755410578905561,0.693,0.365,6.61843223069694e-116,"2","PDIA6"
"SPCS1",6.12242875457512e-120,0.65044911759667,0.821,0.514,1.01252726743163e-115,"2","SPCS1"
"PHPT1",3.28124710571011e-119,0.505537238564533,0.514,0.195,5.42652646342337e-115,"2","PHPT1"
"CTSD",3.97488360911772e-118,0.455842986280682,0.494,0.177,6.57366251275888e-114,"2","CTSD"
"GZMK",4.97126309199008e-118,0.630689158447476,0.258,0.049,8.22147490153319e-114,"2","GZMK"
"NEAT1",6.80993094275631e-118,1.06655807112415,0.716,0.43,1.12622637931304e-113,"2","NEAT1"
"PIM1",7.53707943443642e-118,0.3971434903192,0.31,0.073,1.2464821968671e-113,"2","PIM1"
"RPN1",1.35856675583031e-117,0.435255564632003,0.406,0.123,2.24679770079216e-113,"2","RPN1"
"B2M",6.97359868997073e-117,0.658305064806533,1,1,1.15329375134736e-112,"2","B2M"
"RGS1",3.83408468138577e-116,0.971506771723196,0.72,0.402,6.34080924607579e-112,"2","RGS1"
"SELM",5.09853013376059e-116,0.550451643017984,0.496,0.191,8.43194913521326e-112,"2","SELM"
"RPS27L",2.23642672837704e-115,0.619687383781499,0.723,0.396,3.69860252338995e-111,"2","RPS27L"
"LMAN2",5.24365876305599e-115,0.608201115822645,0.606,0.285,8.67196286234199e-111,"2","LMAN2"
"JCHAIN",2.31604549205115e-114,0.669941047870424,0.648,0.343,3.83027603475419e-110,"2","JCHAIN"
"SRPRB",1.84409990232739e-113,0.379083256569772,0.347,0.094,3.04977241846903e-109,"2","SRPRB"
"SEL1L",1.32301997718214e-112,0.348539697610757,0.285,0.064,2.18801043826382e-108,"2","SEL1L"
"IFNAR2",3.49421204325033e-111,0.376602877308555,0.34,0.092,5.7787278771274e-107,"2","IFNAR2"
"TMED2",2.76502814121818e-110,0.563542248044762,0.666,0.341,4.57280353994663e-106,"2","TMED2"
"MT1X",1.3310768187837e-109,0.37651087729835,0.267,0.057,2.20133484290449e-105,"2","MT1X"
"TRAM1",2.74349021565579e-109,0.519229933117616,0.591,0.274,4.53718411865154e-105,"2","TRAM1"
"HIST1H1C",1.21079413518781e-108,0.756435901766324,0.427,0.15,2.0024113407736e-104,"2","HIST1H1C"
"KDELR1",2.67100504531567e-108,0.438949881343865,0.46,0.169,4.41730814394305e-104,"2","KDELR1"
"CCL4L2",6.48417636636039e-108,1.23295492816748,0.357,0.107,1.07235308746868e-103,"2","CCL4L2"
"PLD3",7.33938949628909e-108,0.337870307261422,0.328,0.087,1.21378823489629e-103,"2","PLD3"
"GSTP1",4.46485018981307e-107,0.827097592948054,0.675,0.361,7.38396924391285e-103,"2","GSTP1"
"LGALS3",7.29449135562495e-107,0.384327888329158,0.302,0.074,1.20636298039325e-102,"2","LGALS3"
"PDXK",1.70647483456659e-106,0.3108721493709,0.262,0.056,2.82216808140623e-102,"2","PDXK"
"TNFAIP3",1.40993889104178e-105,0.445486014684089,0.297,0.075,2.33175693800489e-101,"2","TNFAIP3"
"BTG2",1.80706864500774e-104,0.827703055313894,0.628,0.331,2.9885301251138e-100,"2","BTG2"
"DSTN",3.26871989229611e-104,0.367922792144248,0.358,0.105,5.40580895787931e-100,"2","DSTN"
"ARF4",8.57610331638071e-104,0.474851218213667,0.474,0.185,1.41831596646304e-99,"2","ARF4"
"TNFRSF17",1.26402348659194e-103,0.50024169720461,0.367,0.111,2.09044204212575e-99,"2","TNFRSF17"
"CCDC167",8.25470604337136e-103,0.471916256124525,0.407,0.137,1.36516328545276e-98,"2","CCDC167"
"SURF4",3.09531554173472e-102,0.349296299802453,0.336,0.096,5.11903284292088e-98,"2","SURF4"
"TMED9",1.27482388089591e-101,0.56713627468878,0.643,0.336,2.10830373422565e-97,"2","TMED9"
"RGCC",1.38508574609954e-98,0.429788998633033,0.307,0.083,2.29065480689942e-94,"2","RGCC"
"ITM2A",2.02700491087297e-97,0.436933819796299,0.339,0.103,3.35226072160172e-93,"2","ITM2A"
"FYN",7.31622469414688e-97,0.35896663733688,0.261,0.062,1.20995723991801e-92,"2","FYN"
"FAM46C",3.99655363028433e-96,0.413603112018066,0.434,0.159,6.60950039376423e-92,"2","FAM46C"
"CISD2",2.66945103589709e-95,0.368204246065722,0.382,0.128,4.4147381231666e-91,"2","CISD2"
"HCST",4.23739690433151e-95,0.659212011803054,0.556,0.271,7.00780700038346e-91,"2","HCST"
"ARSA",4.56848949211166e-94,0.283935329168118,0.256,0.06,7.55536792205426e-90,"2","ARSA"
"CCL3",6.18041643285308e-94,0.913494284737847,0.391,0.142,1.02211726966524e-89,"2","CCL3"
"S100A4",6.18106037378254e-94,1.06631056054876,0.721,0.445,1.02222376461616e-89,"2","S100A4"
"SLC35B1",8.7045242134234e-94,0.319930412397218,0.283,0.073,1.43955421441596e-89,"2","SLC35B1"
"PRDX2",9.7853113827415e-94,0.434090178227,0.442,0.172,1.61829479647779e-89,"2","PRDX2"
"IDH2",1.3627310787589e-92,0.497065649007195,0.476,0.201,2.25368465805147e-88,"2","IDH2"
"CKLF",3.50409450145867e-92,0.516371121816211,0.504,0.225,5.79507148651234e-88,"2","CKLF"
"ERGIC3",1.02700194754712e-90,0.44112556658654,0.572,0.276,1.69845582085343e-86,"2","ERGIC3"
"SOCS3",4.55249915878935e-90,0.506599990213501,0.353,0.117,7.52892310880583e-86,"2","SOCS3"
"C10orf54",3.90390198242341e-89,0.366796474639933,0.392,0.139,6.45627309853184e-85,"2","C10orf54"
"TXN",1.00923320578547e-88,0.622183637919094,0.528,0.246,1.66906987572801e-84,"2","TXN"
"TRAC",1.52915160977583e-88,1.01964474352178,0.568,0.316,2.52891093224727e-84,"2","TRAC"
"TPST2",4.81502439475762e-87,0.356709267764588,0.33,0.106,7.96308734405016e-83,"2","TPST2"
"TMEM208",7.9896355540285e-87,0.374925897906379,0.404,0.151,1.32132592792523e-82,"2","TMEM208"
"ZBP1",1.92627572325077e-86,0.368923949294932,0.335,0.108,3.18567479111212e-82,"2","ZBP1"
"SUB1",2.96194893139159e-86,0.77395277161735,0.842,0.634,4.89847114273541e-82,"2","SUB1"
"CTSC",3.51406816344489e-86,0.445590798067216,0.376,0.137,5.81156592870515e-82,"2","CTSC"
"GMPPB",8.84844391772359e-86,0.313748778263166,0.268,0.071,1.46335565511313e-81,"2","GMPPB"
"KLF13",7.63537470801846e-85,0.363491044188056,0.367,0.129,1.26273826921209e-80,"2","KLF13"
"DERL1",7.78609154036759e-85,0.405240155985621,0.444,0.183,1.28766381894599e-80,"2","DERL1"
"SAR1B",1.94540960598167e-84,0.295605802005194,0.279,0.078,3.21731840637249e-80,"2","SAR1B"
"DNAJB11",2.93813561875145e-84,0.462754904101718,0.428,0.174,4.85908868629116e-80,"2","DNAJB11"
"GLRX",6.93509841420538e-84,0.474635513917571,0.495,0.223,1.14692657574129e-79,"2","GLRX"
"MLEC",2.82938702778691e-83,0.330701763793729,0.311,0.097,4.679240266554e-79,"2","MLEC"
"DNAJC3",9.67841406363363e-82,0.330885046618195,0.307,0.096,1.60061611784373e-77,"2","DNAJC3"
"MEI1",1.06065109763426e-81,0.291383402011353,0.284,0.082,1.75410478526754e-77,"2","MEI1"
"OSTC",1.14286466395458e-80,0.476030128945158,0.525,0.255,1.89006958124808e-76,"2","OSTC"
"MCL1",1.72530219580624e-80,0.454742384862105,0.56,0.277,2.85330477142436e-76,"2","MCL1"
"UQCRQ",1.45735682715364e-79,0.586373487145539,0.701,0.44,2.41017672074669e-75,"2","UQCRQ"
"TIMP1",2.5330427256956e-79,0.568269326496923,0.402,0.165,4.18914605975538e-75,"2","TIMP1"
"BSG",3.83052945011752e-79,0.433302597766154,0.579,0.3,6.33492960460436e-75,"2","BSG"
"POLR2L",1.89253702055387e-78,0.509172033931777,0.675,0.391,3.12987772459199e-74,"2","POLR2L"
"GUK1",6.96992600122137e-78,0.469997140389737,0.685,0.41,1.15268636208199e-73,"2","GUK1"
"S100A11",1.84303836771071e-77,0.511161792174732,0.559,0.286,3.04801685251997e-73,"2","S100A11"
"CNPY2",7.17263508600441e-77,0.399907842662857,0.494,0.232,1.18621039052341e-72,"2","CNPY2"
"CHID1",1.12650260451562e-76,0.275770587619032,0.265,0.076,1.86301000734793e-72,"2","CHID1"
"CST3",1.53357511062443e-75,0.574197959609212,0.284,0.09,2.53622651795068e-71,"2","CST3"
"VKORC1",1.41155510102477e-74,0.3061036580034,0.325,0.113,2.33442982607476e-70,"2","VKORC1"
"CCPG1",3.38360029856943e-74,0.265753541759088,0.265,0.078,5.59579817377412e-70,"2","CCPG1"
"SPATS2",2.03184920799693e-73,0.279377902036633,0.289,0.092,3.36027222018532e-69,"2","SPATS2"
"CYBA",3.86730616129231e-73,0.533377649147209,0.984,0.973,6.39575092954522e-69,"2","CYBA"
"MGAT1",1.56150917258701e-72,0.319181551697121,0.364,0.14,2.5824238696244e-68,"2","MGAT1"
"SRM",3.31064195055082e-70,0.506340280638688,0.379,0.158,5.47513965782095e-66,"2","SRM"
"LRPAP1",2.03073958070856e-68,0.371648306343022,0.444,0.206,3.35843711857581e-64,"2","LRPAP1"
"S100A6",2.28993166113354e-68,0.612776573821589,0.729,0.49,3.78708898118264e-64,"2","S100A6"
"PSAP",2.80915455619478e-68,0.489640756201689,0.65,0.406,4.64577980503492e-64,"2","PSAP"
"GUSB",2.55124363111503e-67,0.251213347997051,0.261,0.081,4.21924671713804e-63,"2","GUSB"
"ACADVL",4.72624005300144e-67,0.34606520164697,0.379,0.158,7.81625579965378e-63,"2","ACADVL"
"HDLBP",7.08333776414979e-67,0.266991618091849,0.257,0.08,1.17144239943509e-62,"2","HDLBP"
"LEPROTL1",1.04790800888919e-66,0.336354759481648,0.357,0.144,1.73303026510094e-62,"2","LEPROTL1"
"SDF4",2.43805177102114e-64,0.308850239913269,0.363,0.15,4.03205001891476e-60,"2","SDF4"
"DAD1",7.29406603449841e-64,0.422885744674071,0.717,0.467,1.20629264078535e-59,"2","DAD1"
"TYROBP",1.18397990262552e-63,0.474130086224378,0.261,0.086,1.95806596296208e-59,"2","TYROBP"
"CFLAR",1.53032095242732e-63,0.358654613494729,0.464,0.225,2.5308447911243e-59,"2","CFLAR"
"C4orf48",2.14602137865607e-63,0.331914746345255,0.387,0.168,3.54909015602141e-59,"2","C4orf48"
"SLC9A3R1",2.83697599587438e-63,0.2721820896884,0.253,0.082,4.69179090197705e-59,"2","SLC9A3R1"
"SLC3A2",4.53222602641596e-63,0.376805878797726,0.406,0.181,7.49539540248672e-59,"2","SLC3A2"
"NDUFS8",1.20556472785987e-62,0.333916726510961,0.428,0.2,1.99376294693466e-58,"2","NDUFS8"
"NDUFC2",2.00776856891315e-62,0.386537341431883,0.55,0.306,3.32044765926856e-58,"2","NDUFC2"
"LCK",5.84986996945871e-62,0.415886486390311,0.417,0.2,9.67451495549081e-58,"2","LCK"
"NDUFB10",1.06508061971213e-61,0.374384570105559,0.549,0.302,1.76143032887993e-57,"2","NDUFB10"
"LY96",2.92757025255987e-61,0.311566551679602,0.392,0.172,4.84161568368351e-57,"2","LY96"
"ADI1",5.14112155651707e-61,0.259987489766207,0.288,0.103,8.50238683016793e-57,"2","ADI1"
"RAB1A",1.06232985711896e-59,0.267922194663918,0.329,0.131,1.75688111770333e-55,"2","RAB1A"
"EMC7",1.57423647263887e-59,0.289271278783113,0.358,0.151,2.60347227845016e-55,"2","EMC7"
"FTL",4.09808490510045e-59,0.799507748121348,0.99,0.98,6.77741281605512e-55,"2","FTL"
"ATOX1",1.39900335727609e-58,0.317292396692024,0.354,0.151,2.3136717522632e-54,"2","ATOX1"
"PTTG1",4.69831902224936e-58,0.387682197076594,0.257,0.091,7.77007999899599e-54,"2","PTTG1"
"SPOCK2",5.17444652591139e-58,0.420407522666367,0.286,0.111,8.55749966455225e-54,"2","SPOCK2"
"COPE",1.19577459083331e-56,0.475716742988378,0.676,0.462,1.97757201832013e-52,"2","COPE"
"RARRES3",1.24041545666647e-56,0.376840880444183,0.358,0.162,2.05139908223501e-52,"2","RARRES3"
"SSR1",1.30451747570335e-56,0.350870969737774,0.409,0.196,2.15741100131821e-52,"2","SSR1"
"NDUFA6",3.26516570695545e-56,0.365076979357133,0.428,0.213,5.39993104616292e-52,"2","NDUFA6"
"ATF4",5.24768341612426e-56,0.37660804004296,0.583,0.342,8.67861883358631e-52,"2","ATF4"
"NDUFB7",3.15485708398125e-55,0.3920578752309,0.543,0.316,5.21750264548819e-51,"2","NDUFB7"
"HLA-B",5.0673243658639e-55,0.545404246048056,0.997,0.999,8.38034103626571e-51,"2","HLA-B"
"MORF4L2",5.73701400581961e-55,0.274998057762539,0.321,0.133,9.48787376282447e-51,"2","MORF4L2"
"CUTA",3.45566092499747e-54,0.400971030595904,0.679,0.454,5.71497203776082e-50,"2","CUTA"
"ANAPC11",7.76242920158252e-54,0.380660305772762,0.487,0.269,1.28375054135772e-49,"2","ANAPC11"
"IGLC3",1.1286302386816e-53,3.10710857655543,0.722,0.553,1.86652868873163e-49,"2","IGLC3"
"DDOST",1.66318350504906e-53,0.371575221986238,0.428,0.217,2.75057288065013e-49,"2","DDOST"
"NME1",1.99710408201167e-53,0.372552285423808,0.343,0.15,3.3028107308309e-49,"2","NME1"
"H2AFZ",5.99324539088374e-53,0.748089129716472,0.615,0.398,9.91162922744353e-49,"2","H2AFZ"
"ANXA2",4.88984449482278e-52,0.421023426672063,0.436,0.225,8.08682482553792e-48,"2","ANXA2"
"TMBIM6",4.94757219844255e-52,0.417924507047848,0.805,0.618,8.18229490178429e-48,"2","TMBIM6"
"MRPL41",7.08357404922344e-52,0.305496016903591,0.39,0.187,1.17148147626057e-47,"2","MRPL41"
"LYZ",9.27703581343759e-52,0.606446938695035,0.293,0.12,1.53423618282631e-47,"2","LYZ"
"ATP6V0B",1.47936691735138e-51,0.339077682247904,0.568,0.336,2.44657700791571e-47,"2","ATP6V0B"
"COX5A",1.79663186448989e-51,0.423272387529701,0.61,0.385,2.97126977749338e-47,"2","COX5A"
"IGLC2",2.21057752617686e-51,2.70883127341757,0.83,0.686,3.65585311279128e-47,"2","IGLC2"
"LAP3",1.10701333382271e-50,0.277907011580716,0.333,0.146,1.830778651476e-46,"2","LAP3"
"NENF",1.52235617627761e-50,0.282863135467635,0.359,0.166,2.51767264432791e-46,"2","NENF"
"DPP7",2.71014848787899e-50,0.301495366106434,0.504,0.278,4.48204356925427e-46,"2","DPP7"
"TMEM147",4.1431440760807e-50,0.293762032187554,0.426,0.219,6.85193167302227e-46,"2","TMEM147"
"ATP5J",4.41930857669896e-50,0.423169221990124,0.646,0.432,7.30865252414475e-46,"2","ATP5J"
"CD27",1.7444874848761e-49,0.505769854665593,0.583,0.361,2.8850334024881e-45,"2","CD27"
"REEP5",2.08456921044134e-49,0.343234311798511,0.589,0.365,3.4474605602279e-45,"2","REEP5"
"OS9",2.76993696347209e-49,0.292348274902844,0.417,0.211,4.58092175019013e-45,"2","OS9"
"CALM3",5.63691965145248e-49,0.415433314232807,0.49,0.285,9.32233771957211e-45,"2","CALM3"
"COX7A2",1.32564446299163e-48,0.442754986110746,0.814,0.648,2.19235081289556e-44,"2","COX7A2"
"PLPP5",2.42535645475969e-48,0.299640266995183,0.425,0.217,4.01105450488157e-44,"2","PLPP5"
"TYMP",9.64710827642709e-48,0.446266949168275,0.571,0.355,1.59543876675551e-43,"2","TYMP"
"HINT2",1.07474902326663e-47,0.25497801472935,0.316,0.139,1.77741993467834e-43,"2","HINT2"
"PSME2",2.14776034302738e-47,0.463577951049887,0.702,0.493,3.55196605529868e-43,"2","PSME2"
"NDUFS6",7.79067273518969e-47,0.367881968065479,0.463,0.261,1.28842145694567e-42,"2","NDUFS6"
"LDHA",1.98163982507558e-46,0.555705444574036,0.609,0.409,3.27723594271e-42,"2","LDHA"
"AURKAIP1",1.06129095561248e-45,0.36268944058253,0.509,0.303,1.75516298239192e-41,"2","AURKAIP1"
"CDK2AP2",2.57844636751857e-45,0.318344363746937,0.4,0.209,4.26423460260221e-41,"2","CDK2AP2"
"DYNLL1",3.84067937273598e-45,0.395670447516718,0.594,0.386,6.35171554663076e-41,"2","DYNLL1"
"PSMB6",5.15137206402025e-45,0.351594253506358,0.483,0.279,8.5193391194767e-41,"2","PSMB6"
"TXNDC17",1.59112169073505e-44,0.292983098187395,0.31,0.141,2.63139705213762e-40,"2","TXNDC17"
"ISG20",2.12300600835465e-44,0.407754509592305,0.765,0.571,3.51102733661692e-40,"2","ISG20"
"CANX",4.82719465947642e-42,0.284699358603275,0.357,0.179,7.9832145278421e-38,"2","CANX"
"UFM1",8.865322130838e-42,0.270073323866778,0.391,0.205,1.46614697399799e-37,"2","UFM1"
"ATRAID",2.01876620992099e-41,0.264114661505483,0.461,0.261,3.33863555796734e-37,"2","ATRAID"
"NDUFA11",3.92990700087936e-41,0.343445415453361,0.615,0.417,6.49928019805428e-37,"2","NDUFA11"
"UBE2J1",5.64969857145793e-41,0.413790450031013,0.494,0.3,9.34347149747712e-37,"2","UBE2J1"
"ROMO1",8.57596013560407e-41,0.294684721053311,0.452,0.258,1.4182922872262e-36,"2","ROMO1"
"NDUFS5",9.94660742041092e-41,0.373358844225973,0.583,0.388,1.64496993518756e-36,"2","NDUFS5"
"ZNF706",9.96137678738936e-41,0.345663854580628,0.56,0.361,1.64741249309845e-36,"2","ZNF706"
"H2AFV",2.84394863880421e-40,0.410714158952533,0.439,0.258,4.70332225885440e-36,"2","H2AFV"
"IFI27L2",3.97312799924238e-40,0.298001250922078,0.425,0.24,6.57075908514705e-36,"2","IFI27L2"
"TOR3A",7.43726394443096e-40,0.276259845036485,0.341,0.171,1.22997471112999e-35,"2","TOR3A"
"NDUFV2",9.81259613931604e-40,0.340583730942413,0.492,0.298,1.62280714952009e-35,"2","NDUFV2"
"CORO1B",3.91296849930692e-39,0.292630244445025,0.312,0.151,6.47126730415378e-35,"2","CORO1B"
"MRPL51",1.83873820527881e-37,0.329256239776449,0.455,0.273,3.04090524389009e-33,"2","MRPL51"
"NPC2",3.80824349352927e-37,0.347438107801621,0.591,0.401,6.2980730895987e-33,"2","NPC2"
"NDUFB4",7.52915508932883e-37,0.329516101695827,0.578,0.391,1.2451716686732e-32,"2","NDUFB4"
"ISG151",4.13014020760713e-36,0.620628009935633,0.524,0.339,6.83042587534067e-32,"2","ISG15"
"SLC38A2",8.93064612979786e-36,0.277393872435256,0.343,0.18,1.47695025694597e-31,"2","SLC38A2"
"ANXA5",2.19098333042861e-34,0.269156392021841,0.366,0.202,3.62344823186283e-30,"2","ANXA5"
"TCEB2",2.63156275523985e-34,0.352941375010884,0.697,0.531,4.35207848461566e-30,"2","TCEB2"
"CXCL8",5.65750861531607e-34,0.496317428379984,0.336,0.182,9.35638774800972e-30,"2","CXCL8"
"MYL6",6.79633227180493e-34,0.453252428260717,0.906,0.867,1.1239774311111e-29,"2","MYL6"
"SRSF9",8.34536082751522e-34,0.342584126992838,0.46,0.291,1.38015577365447e-29,"2","SRSF9"
"NDUFB11",1.22789930265936e-33,0.311065700906655,0.657,0.478,2.03069986673805e-29,"2","NDUFB11"
"S100A8",2.23288164254252e-33,0.397140741257073,0.334,0.18,3.69273966043682e-29,"2","S100A8"
"SERF2",3.01874677455627e-33,0.388452957214117,0.95,0.929,4.99240341576116e-29,"2","SERF2"
"NDUFA3",9.42271910214969e-33,0.251088924191798,0.588,0.395,1.55832928511352e-28,"2","NDUFA3"
"PRDX5",1.81795269935718e-32,0.297842647781446,0.599,0.418,3.00653017419691e-28,"2","PRDX5"
"SELT",1.12932558097445e-31,0.260492179377651,0.579,0.397,1.86767864581555e-27,"2","SELT"
"MRPL20",3.05812634579986e-31,0.254563317164539,0.438,0.266,5.05752935068381e-27,"2","MRPL20"
"PPP2R5C",3.64175455952386e-31,0.277984057766853,0.393,0.236,6.02273369054056e-27,"2","PPP2R5C"
"NDUFB8",5.76535297124752e-31,0.286059939102132,0.553,0.384,9.53474074384915e-27,"2","NDUFB8"
"TIMM8B",3.06791194241572e-30,0.256583973514611,0.294,0.155,5.07371277036712e-26,"2","TIMM8B"
"PSMD8",3.46657057779195e-30,0.300738438583642,0.477,0.313,5.73301442155233e-26,"2","PSMD8"
"GRN",5.07332997707434e-30,0.252347291075366,0.44,0.272,8.39027311608555e-26,"2","GRN"
"PGAM1",1.0947091921223e-29,0.415137474329368,0.47,0.316,1.81043006193186e-25,"2","PGAM1"
"MYEOV2",1.32421066713121e-29,0.258197390981988,0.484,0.313,2.1899796013016e-25,"2","MYEOV2"
"S100A9",1.7668141440585e-29,0.41371135082195,0.317,0.175,2.92195723144395e-25,"2","S100A9"
"ATPIF1",2.61773702133351e-29,0.292668191430086,0.608,0.441,4.32921348588136e-25,"2","ATPIF1"
"TRBC2",6.03448429719481e-29,0.644749563379952,0.541,0.418,9.97983013070078e-25,"2","TRBC2"
"FOS",3.68727745334592e-28,0.603335441890426,0.755,0.69,6.09801945234348e-24,"2","FOS"
"NDUFAB1",4.38052661892269e-28,0.253901786368693,0.373,0.222,7.24451492237434e-24,"2","NDUFAB1"
"STMN1",6.39749615819961e-28,0.475991271292703,0.262,0.138,1.05801791464305e-23,"2","STMN1"
"YWHAE",2.50569584012679e-27,0.291550863309913,0.361,0.217,4.14391978040168e-23,"2","YWHAE"
"NDUFA1",5.7531941057909e-27,0.285005026309082,0.675,0.523,9.51463241215699e-23,"2","NDUFA1"
"S100A10",5.94540008562026e-27,0.295142946331318,0.494,0.331,9.83250266159879e-23,"2","S100A10"
"IER2",2.26769751777232e-26,0.542935992839546,0.636,0.52,3.75031815489187e-22,"2","IER2"
"COX8A",2.71302818122888e-26,0.346479047716239,0.611,0.46,4.48680600611633e-22,"2","COX8A"
"VOPP1",3.61991112003456e-26,0.265234051896736,0.424,0.269,5.98660901031315e-22,"2","VOPP1"
"NAA38",4.15486598125384e-26,0.274579559198559,0.401,0.254,6.87131735979761e-22,"2","NAA38"
"UBL5",5.90227329567684e-26,0.289061639451121,0.749,0.602,9.76117957639036e-22,"2","UBL5"
"VIM",6.24406671765652e-26,0.544838090686343,0.761,0.621,1.03264375376603e-21,"2","VIM"
"CALR",9.91254368084897e-26,0.416514336566706,0.621,0.466,1.6393364739388e-21,"2","CALR"
"SQSTM1",3.59008418372649e-25,0.274299099161063,0.432,0.284,5.93728122304686e-21,"2","SQSTM1"
"ATP5G3",3.84992215653984e-25,0.384034767714709,0.584,0.441,6.36700126248559e-21,"2","ATP5G3"
"RPL36AL",4.25648280114718e-25,0.3152672900132,0.899,0.829,7.03937125653721e-21,"2","RPL36AL"
"PDIA3",9.71775698573728e-24,0.270732559218613,0.556,0.405,1.60712265030123e-19,"2","PDIA3"
"CYC1",1.10241634681472e-23,0.259225791204863,0.346,0.213,1.82317615436219e-19,"2","CYC1"
"MIF",1.45414164734684e-23,0.398009148091724,0.749,0.623,2.40485945638221e-19,"2","MIF"
"FABP5",3.86390551459212e-23,0.300171401229983,0.256,0.14,6.39012694003245e-19,"2","FABP5"
"ATP5I",1.1369538314499e-22,0.324671753911862,0.657,0.516,1.88029424645185e-18,"2","ATP5I"
"SAT1",3.45704673464067e-22,0.477478014033734,0.753,0.65,5.71726388974873e-18,"2","SAT1"
"COX7B",8.36299026141868e-22,0.276801834722057,0.574,0.433,1.38307132943342e-17,"2","COX7B"
"JUN",2.69630032889498e-20,0.611638532144345,0.75,0.743,4.45914148392651e-16,"2","JUN"
"SLIRP",3.86314039285493e-20,0.255894184602573,0.375,0.248,6.38886158170348e-16,"2","SLIRP"
"MTDH",4.01313396574646e-20,0.38232877155736,0.548,0.423,6.63692095255149e-16,"2","MTDH"
"RNF213",5.66268038733571e-20,0.260585855923799,0.396,0.272,9.3649408245758e-16,"2","RNF213"
"NDUFA4",9.12788534233048e-20,0.264159021023839,0.763,0.652,1.50956967791461e-15,"2","NDUFA4"
"PRDX1",1.91146455206003e-19,0.26468984033995,0.622,0.485,3.16118007619688e-15,"2","PRDX1"
"SSR2",2.97966175024474e-19,0.276773611414361,0.717,0.59,4.92776460255474e-15,"2","SSR2"
"DDIT4",4.91668615228454e-19,0.298775992503283,0.352,0.233,8.13121555864816e-15,"2","DDIT4"
"APOBEC3G",1.72428962395587e-18,0.253056011555211,0.362,0.247,2.85163018009822e-14,"2","APOBEC3G"
"MZT2B",9.68171338097804e-18,0.299545736441362,0.58,0.467,1.60116175894615e-13,"2","MZT2B"
"CALM1",1.98117372390585e-17,0.307164705378554,0.617,0.516,3.2764651045955e-13,"2","CALM1"
"HN1",6.90923926049137e-17,0.27371720167798,0.321,0.212,1.14264998890006e-12,"2","HN1"
"USMG5",1.08470335090416e-16,0.251728307402202,0.608,0.489,1.7938824017253e-12,"2","USMG5"
"CYCS",1.27690337020013e-16,0.277311054586697,0.519,0.398,2.11174279363697e-12,"2","CYCS"
"PPA1",1.55677245193601e-16,0.256037353483551,0.404,0.285,2.57459028101177e-12,"2","PPA1"
"NFKBIA1",2.20926525838995e-16,0.362247472160469,0.572,0.456,3.6536828843253e-12,"2","NFKBIA"
"ATP5G1",5.84158008949873e-16,0.262032253693092,0.428,0.315,9.66080515201301e-12,"2","ATP5G1"
"SH3BGRL3",1.16590891728726e-13,0.380651791358991,0.836,0.799,1.92818016740967e-09,"2","SH3BGRL3"
"PRELID1",1.73950081320914e-13,0.286460910118604,0.557,0.458,2.87678644488528e-09,"2","PRELID1"
"FOSB",5.24240670040764e-13,0.25296215782991,0.466,0.369,8.66989220113416e-09,"2","FOSB"
"TPI1",2.03248857505959e-11,0.341887354213821,0.585,0.494,3.36132960543355e-07,"2","TPI1"
"HMGB2",1.05682325209805e-10,0.563204796704855,0.335,0.259,1.74777429431976e-06,"2","HMGB2"
"GAPDH",1.65065958514472e-10,0.716832379459166,0.912,0.897,2.72986082191233e-06,"2","GAPDH"
"CRIP11",3.59307713310109e-10,0.461514150839986,0.402,0.317,5.94223096272258e-06,"2","CRIP1"
"RGS2",8.01187597253708e-09,0.256109987829719,0.331,0.246,0.000132500404833818,"2","RGS2"
"ZFP36",1.57696842085888e-08,0.282130405214193,0.606,0.559,0.000260799037441641,"2","ZFP36"
"EIF5A",1.06779621855791e-07,0.253451257625895,0.43,0.357,0.00176592138625108,"2","EIF5A"
"RANBP1",3.15853125681258e-06,0.272360907115132,0.354,0.296,0.0522357899251664,"2","RANBP1"
"HLA-A1",1.93729453222028e-05,0.313530604807656,0.968,0.99,0.320389769738589,"2","HLA-A"
"ALOX5AP",0.000124370668836598,0.263460794369645,0.395,0.358,1,"2","ALOX5AP"
"PKM",0.00697482853882482,0.295140383951277,0.462,0.445,1,"2","PKM"
"IGHA2",0,6.71144350526839,0.897,0.117,0,"3","IGHA2"
"DERL31",3.67914571482512e-295,2.36556254437566,0.947,0.189,6.08457118317778e-291,"3","DERL3"
"JCHAIN1",8.25410345329587e-262,5.03919275432929,0.992,0.359,1.36506362910607e-257,"3","JCHAIN"
"MZB11",4.72059549050404e-250,2.36780774426238,0.994,0.266,7.80692082219557e-246,"3","MZB1"
"FKBP111",4.9880248602914e-249,1.94158947357371,0.941,0.218,8.24919551394992e-245,"3","FKBP11"
"XBP11",3.89519935369426e-215,1.83162728170582,0.966,0.26,6.44188069113956e-211,"3","XBP1"
"FKBP21",2.49337110514086e-209,1.56069178315896,0.936,0.281,4.12353713368196e-205,"3","FKBP2"
"IGHA1",3.05645871646861e-201,6.69683836216478,0.98,0.609,5.05477142529578e-197,"3","IGHA1"
"SDF2L11",2.79130731794484e-198,1.34591231261652,0.844,0.206,4.61626404241718e-194,"3","SDF2L1"
"MANF1",6.98940887933109e-186,1.33835588520071,0.81,0.2,1.15590844046378e-181,"3","MANF"
"SSR41",5.39517118894914e-181,2.26307426336043,0.997,0.628,8.92253411228409e-177,"3","SSR4"
"SEC11C1",3.96575070769467e-180,1.603325692668,0.913,0.297,6.55855852038544e-176,"3","SEC11C"
"PRDX41",1.23769440317593e-174,1.21588714036114,0.824,0.201,2.04689900397236e-170,"3","PRDX4"
"PDIA41",3.39567292293752e-172,1.26540998488588,0.76,0.185,5.61576387995407e-168,"3","PDIA4"
"HSP90B11",5.6307281172569e-171,1.8391756123735,0.936,0.358,9.31209816031946e-167,"3","HSP90B1"
"TNFRSF171",2.32811144146299e-170,1.19431410304514,0.64,0.125,3.8502307018915e-166,"3","TNFRSF17"
"VIMP1",6.4794595325675e-162,1.1583958724893,0.793,0.214,1.07157301749601e-157,"3","VIMP"
"SSR31",1.05391686878768e-151,1.17429831054567,0.855,0.273,1.74296771760107e-147,"3","SSR3"
"ITM2C1",8.66164601976242e-148,1.28675441647846,0.793,0.224,1.43246301874831e-143,"3","ITM2C"
"MYDGF1",3.46445425155091e-147,1.28746028977971,0.818,0.257,5.72951444121489e-143,"3","MYDGF"
"HERPUD11",1.57178647973579e-143,1.88748398458086,0.95,0.513,2.59942048018704e-139,"3","HERPUD1"
"AL928768.31",1.19363806400135e-141,1.50512861876738,0.777,0.203,1.97403863024544e-137,"3","AL928768.3"
"CHPF1",6.64191115595336e-140,0.540368283652149,0.411,0.055,1.09843926697157e-135,"3","CHPF"
"SPCS31",2.42779716935886e-135,1.03761602284445,0.746,0.214,4.01509095868569e-131,"3","SPCS3"
"TXNDC111",1.08436242234613e-132,0.760727888576881,0.578,0.122,1.79331857407603e-128,"3","TXNDC11"
"CRELD21",1.20168610473312e-129,0.949562015630014,0.673,0.178,1.98734848000763e-125,"3","CRELD2"
"IGLC6",4.61959195132684e-126,1.33208992131775,0.352,0.044,7.63988116910433e-122,"3","IGLC6"
"NUCB21",1.51740169272025e-125,0.714580500091683,0.547,0.11,2.50947891942075e-121,"3","NUCB2"
"LMAN11",2.96959633538238e-119,0.856330481676602,0.648,0.17,4.91111841945538e-115,"3","LMAN1"
"IGLL1",9.50491188358513e-119,1.27648656959552,0.341,0.044,1.57192232730731e-114,"3","IGLL1"
"SLAMF71",3.08879503329431e-117,0.508270830035216,0.411,0.066,5.10824922606212e-113,"3","SLAMF7"
"HSPA51",2.52627998227184e-116,1.30528161890388,0.816,0.313,4.17796183468117e-112,"3","HSPA5"
"RABAC11",1.54803091877722e-115,1.10921684208749,0.877,0.398,2.56013353347376e-111,"3","RABAC1"
"DNAJB91",7.43146427364755e-114,0.824478067300372,0.654,0.183,1.22901556157583e-109,"3","DNAJB9"
"IGLC7",1.48782669398715e-113,1.2559721370906,0.399,0.064,2.46056778651596e-109,"3","IGLC7"
"RRBP11",8.62925558911742e-112,0.586530350070177,0.45,0.083,1.42710628932824e-107,"3","RRBP1"
"CD631",1.22127775421166e-106,0.96749135029953,0.81,0.327,2.01974914991524e-102,"3","CD63"
"SEC61B1",1.32862797610778e-105,1.10763357002489,0.883,0.448,2.19728494688705e-101,"3","SEC61B"
"HM131",1.44859722628795e-105,0.790518021423741,0.668,0.202,2.39569009283501e-101,"3","HM13"
"ERLEC11",4.16258777330504e-101,0.709313891843527,0.626,0.176,6.88408765949188e-97,"3","ERLEC1"
"MEI11",2.26088226132215e-100,0.565482873212255,0.458,0.096,3.73904708377457e-96,"3","MEI1"
"PPIB1",2.48780640065432e-99,1.38831910318615,0.86,0.453,4.11433422540212e-95,"3","PPIB"
"SELK1",1.87037145760808e-98,0.944548303877929,0.841,0.375,3.09322031659224e-94,"3","SELK"
"RPN11",8.04300094754717e-98,0.642786875775842,0.559,0.148,1.33015149670535e-93,"3","RPN1"
"SPCS21",3.48106398575615e-97,1.0445870376245,0.916,0.552,5.75698361964353e-93,"3","SPCS2"
"CD591",4.40855092926642e-90,0.554929810469045,0.534,0.138,7.29086152682081e-86,"3","CD59"
"PDIA61",4.42900648368599e-90,0.92499534549444,0.846,0.395,7.32469092271989e-86,"3","PDIA6"
"TXNDC151",9.26401114854241e-90,0.546123154311784,0.514,0.129,1.53208216374594e-85,"3","TXNDC15"
"KCNN3",1.7777175586377e-89,0.304682849143842,0.26,0.033,2.93998929847503e-85,"3","KCNN3"
"ALG51",5.2556104138138e-88,0.576339717990348,0.545,0.151,8.69172850236526e-84,"3","ALG5"
"KDELR21",1.71018158124261e-87,0.880815488427185,0.679,0.25,2.82829829905903e-83,"3","KDELR2"
"SPCS11",3.39584695854216e-87,1.02907613411858,0.883,0.546,5.61605170003703e-83,"3","SPCS1"
"RPN21",1.08846042445115e-86,0.848708776376397,0.726,0.292,1.80009584995732e-82,"3","RPN2"
"PIM21",4.45945782264379e-86,1.19084710613939,0.743,0.312,7.3750513470883e-82,"3","PIM2"
"SRPRB1",4.77541477781004e-85,0.491677745502112,0.475,0.116,7.89758095954224e-81,"3","SRPRB"
"SIL11",1.03546116278588e-81,0.462190276105388,0.422,0.095,1.71244567101529e-77,"3","SIL1"
"LGALS11",4.55711856969562e-81,1.03785244097829,0.802,0.345,7.53656269056262e-77,"3","LGALS1"
"KRTCAP21",1.66183222076923e-79,0.807226930548354,0.796,0.378,2.74833812670816e-75,"3","KRTCAP2"
"P4HB1",1.35364426541885e-77,0.818201301307898,0.735,0.326,2.2386568861497e-73,"3","P4HB"
"ARSA1",1.02663792566843e-75,0.404674034082869,0.363,0.076,1.69785380147045e-71,"3","ARSA"
"ARF41",1.30105520390952e-73,0.658275240737136,0.603,0.211,2.15168509622557e-69,"3","ARF4"
"ANKRD281",1.33313875473914e-73,0.602731357804348,0.422,0.104,2.20474487258759e-69,"3","ANKRD28"
"TMEM591",8.56810164307469e-72,0.77578953650958,0.849,0.485,1.41699264973169e-67,"3","TMEM59"
"SELM1",9.71576078791455e-70,0.657886211548161,0.606,0.22,1.60679251910531e-65,"3","SELM"
"PRDM11",3.1715454469506e-69,0.499498860267869,0.36,0.081,5.24510186016691e-65,"3","PRDM1"
"IGLV6-57",8.19178740679956e-69,0.935699376147153,0.285,0.052,1.35475780133651e-64,"3","IGLV6-57"
"TMED101",9.28942704096748e-69,0.663985615494809,0.707,0.308,1.5362854440352e-64,"3","TMED10"
"RP11-16E12.21",1.88558122327761e-68,0.405087379469157,0.335,0.07,3.1183742270565e-64,"3","RP11-16E12.2"
"TMEM2581",2.92005788798471e-67,0.792422104980194,0.872,0.555,4.82919173514912e-63,"3","TMEM258"
"JSRP11",2.55943509092023e-66,0.561312033161673,0.318,0.066,4.23279375336387e-62,"3","JSRP1"
"AQP3",1.40680047989028e-65,0.416138381347588,0.268,0.048,2.32656663364255e-61,"3","AQP3"
"CD271",4.16960847462689e-65,0.893464682648799,0.76,0.377,6.89569849533794e-61,"3","CD27"
"IGLC21",4.19801739048343e-65,3.38531155180677,0.911,0.699,6.94268116038149e-61,"3","IGLC2"
"TMED91",1.36933014226781e-64,0.744679617959938,0.737,0.367,2.26459818928251e-60,"3","TMED9"
"DNAJB111",6.66470009385186e-64,0.67322420173973,0.547,0.197,1.10220810152122e-59,"3","DNAJB11"
"TMEM2081",6.47060321726091e-63,0.513320954262367,0.525,0.174,1.07010836007061e-58,"3","TMEM208"
"NANS1",1.19296050430061e-61,0.488502233125522,0.439,0.129,1.97291808201234e-57,"3","NANS"
"GAS61",1.52969135099468e-61,0.300637824373345,0.279,0.054,2.529803556275e-57,"3","GAS6"
"SEC61G1",6.59780302831858e-61,0.875141497727639,0.802,0.474,1.09114466482333e-56,"3","SEC61G"
"SDC11",1.99743938234857e-60,0.398548534422529,0.302,0.063,3.30336525052806e-56,"3","SDC1"
"DSTN1",3.98057350066108e-60,0.43518451005467,0.441,0.13,6.5830724553933e-56,"3","DSTN"
"LGALS31",1.88399187835706e-59,0.443680815563767,0.374,0.097,3.11574576842691e-55,"3","LGALS3"
"IGLC31",7.82568872479025e-59,2.81537701174986,0.849,0.565,1.29421240130581e-54,"3","IGLC3"
"CALU",6.52396383375451e-58,0.320194606737992,0.31,0.07,1.07893313882632e-53,"3","CALU"
"UBE2J11",3.64337748588222e-57,0.847821023396998,0.651,0.314,6.02541768615202e-53,"3","UBE2J1"
"SPAG41",5.7234581384584e-57,0.282128398357299,0.254,0.049,9.46545506938251e-53,"3","SPAG4"
"GMPPB1",1.46268246890576e-56,0.394599075032617,0.349,0.09,2.41898426707635e-52,"3","GMPPB"
"DNAJC11",5.44934077725746e-56,0.446972530817135,0.43,0.132,9.01211977742839e-52,"3","DNAJC1"
"HDLBP1",6.36766571959093e-56,0.401301613754993,0.358,0.095,1.05308455670595e-51,"3","HDLBP"
"OSTC1",2.10280509408165e-55,0.65734111869692,0.631,0.28,3.47761906459223e-51,"3","OSTC"
"FAM46C1",1.22418846235893e-54,0.567844489118768,0.511,0.186,2.02456287904919e-50,"3","FAM46C"
"SRGN1",3.88995330710727e-54,0.697183768073244,0.816,0.469,6.433204779294e-50,"3","SRGN"
"CITED21",5.2756989408043e-54,0.92740146045225,0.478,0.174,8.72495090830214e-50,"3","CITED2"
"KDELR11",6.89201990033177e-54,0.486355936948801,0.536,0.198,1.13980225111687e-49,"3","KDELR1"
"TMED21",1.02719342931324e-52,0.614651829252374,0.718,0.376,1.69877249339823e-48,"3","TMED2"
"TRIB1",7.0542929538437e-52,0.404404457210016,0.271,0.06,1.16663896870667e-47,"3","TRIB1"
"SEC61A11",7.59999502672738e-52,0.414220050105792,0.385,0.115,1.25688717752017e-47,"3","SEC61A1"
"TRAM11",8.52532135827369e-52,0.615103922353534,0.648,0.308,1.4099176462313e-47,"3","TRAM1"
"CISD21",9.77189675420349e-52,0.441565851323343,0.455,0.153,1.61607628521017e-47,"3","CISD2"
"CCPG11",1.82686144845641e-51,0.37879285449963,0.346,0.095,3.02126346345722e-47,"3","CCPG1"
"SUB11",3.31036230672581e-51,1.05470325336365,0.883,0.655,5.47467718286315e-47,"3","SUB1"
"SPATS21",2.07299325221525e-50,0.366104820253669,0.374,0.11,3.42831624051358e-46,"3","SPATS2"
"SLC3A21",1.43548871520942e-49,0.579526401261128,0.511,0.201,2.37401123721334e-45,"3","SLC3A2"
"CADM11",9.18091160619405e-49,0.404133877960723,0.251,0.055,1.51833916143237e-44,"3","CADM1"
"HSD17B8",3.37556614845262e-48,0.297729390832896,0.274,0.065,5.58251129631094e-44,"3","HSD17B8"
"IGKC1",4.41351827672727e-48,2.51079522167709,0.978,0.934,7.29907652605157e-44,"3","IGKC"
"SLC35B11",1.49082378932623e-47,0.361404459757341,0.335,0.094,2.46552438278771e-43,"3","SLC35B1"
"LMAN21",2.78841547510797e-47,0.591976869434158,0.651,0.32,4.61148151273356e-43,"3","LMAN2"
"CYBA1",3.06854912280764e-46,0.629083111844005,0.98,0.975,5.07476653929928e-42,"3","CYBA"
"SPP1",5.4965471640168e-46,0.516903895342497,0.268,0.067,9.09018969985098e-42,"3","SPP1"
"SAR1B1",2.90971006520935e-45,0.322705924511928,0.338,0.098,4.81207850584323e-41,"3","SAR1B"
"DDOST1",1.07087880698226e-43,0.569240086351855,0.531,0.236,1.77101937098727e-39,"3","DDOST"
"TIMP11",1.28247244791135e-43,0.602889708658266,0.466,0.189,2.12095293435579e-39,"3","TIMP1"
"LINC001521",4.6517424968654e-43,0.451819506817659,0.439,0.156,7.693051741316e-39,"3","LINC00152"
"DERL11",4.75161250680357e-43,0.435503235650261,0.511,0.21,7.85821676375175e-39,"3","DERL1"
"CALR1",4.89378500926425e-42,0.778204724681915,0.777,0.475,8.09334164832121e-38,"3","CALR"
"TECR1",1.78355321671404e-41,0.411607810435935,0.553,0.243,2.94964030980169e-37,"3","TECR"
"IGLV3-11",8.56661024695869e-41,0.826449983274053,0.274,0.073,1.41674600264203e-36,"3","IGLV3-1"
"SEL1L1",2.52598826783833e-40,0.303176196522712,0.304,0.088,4.17747939735103e-36,"3","SEL1L"
"C15orf48",3.05668799379958e-40,0.341616755713048,0.285,0.08,5.05515060414574e-36,"3","C15orf48"
"PHPT11",6.65836077746967e-40,0.415477639566943,0.539,0.231,1.10115970537793e-35,"3","PHPT1"
"FTL1",1.00582331421539e-39,0.741749923216928,0.992,0.981,1.66343059704941e-35,"3","FTL"
"DNAJC31",1.80548935292638e-38,0.33831788225624,0.352,0.118,2.98591829186964e-34,"3","DNAJC3"
"LY961",8.00632997708369e-38,0.422289859143071,0.469,0.193,1.3240868516101e-33,"3","LY96"
"GLRX1",1.57365401969982e-37,0.579587268049066,0.536,0.252,2.60250901777957e-33,"3","GLRX"
"PLPP51",2.81758976315197e-37,0.409884820544284,0.534,0.235,4.65972995030073e-33,"3","PLPP5"
"RPS27L1",3.30605536851036e-37,0.499361732541017,0.743,0.433,5.46755436844244e-33,"3","RPS27L"
"SLC1A5",8.28521034821106e-37,0.28732944490299,0.251,0.068,1.37020808738715e-32,"3","SLC1A5"
"IFNAR21",9.18168545282024e-36,0.329281510151925,0.349,0.121,1.51846714018741e-31,"3","IFNAR2"
"TPST21",1.15923388509775e-35,0.390549049842472,0.36,0.13,1.91714099917466e-31,"3","TPST2"
"DAD11",1.63187829872384e-35,0.566590118171443,0.757,0.494,2.69880033042948e-31,"3","DAD1"
"RTN3",3.90881085842771e-35,0.278088660285915,0.296,0.093,6.46439139766775e-31,"3","RTN3"
"TMEM205",1.13594496319178e-34,0.308215773930816,0.358,0.128,1.87862578012657e-30,"3","TMEM205"
"LAMP2",1.60098632120301e-34,0.29099557356105,0.33,0.112,2.64771117800554e-30,"3","LAMP2"
"KLF131",2.58685156876664e-34,0.357144720935954,0.399,0.155,4.27813512442628e-30,"3","KLF13"
"CHID11",8.44481789384859e-34,0.283964962582383,0.299,0.096,1.39660398328468e-29,"3","CHID1"
"NEAT11",1.31267648759377e-33,0.797087634509287,0.709,0.464,2.17090437518257e-29,"3","NEAT1"
"UQCRQ1",1.46146867013597e-33,0.496033215937987,0.746,0.468,2.41697688667087e-29,"3","UQCRQ"
"SEC14L11",2.84609589481244e-33,0.315002166326289,0.318,0.109,4.70687339084081e-29,"3","SEC14L1"
"GSTP11",5.01499649151754e-33,0.659522507042885,0.676,0.398,8.2938011976717e-29,"3","GSTP1"
"IGHD1",5.98188054670567e-33,1.0064177270497,0.047,0.363,9.89283404814184e-29,"3","IGHD"
"C10orf541",3.03266702107832e-32,0.325773569191244,0.413,0.167,5.01542471945932e-28,"3","C10orf54"
"NEU1",3.11730126832343e-32,0.258342859131397,0.293,0.095,5.15539283755329e-28,"3","NEU1"
"SEC13",8.692943327364e-32,0.335253104401379,0.352,0.133,1.43763896747946e-27,"3","SEC13"
"ZBP11",1.05949143540162e-31,0.326104176082905,0.358,0.133,1.7521869358672e-27,"3","ZBP1"
"MLEC1",1.45091670918431e-31,0.322038067775358,0.332,0.121,2.39952605364902e-27,"3","MLEC"
"REEP51",7.68708539946285e-31,0.437147444108278,0.668,0.386,1.27129018336317e-26,"3","REEP5"
"TYMP1",9.22643504330283e-31,0.523608598752261,0.665,0.375,1.52586782746142e-26,"3","TYMP"
"NPC21",1.55853665834978e-30,0.503357810187009,0.696,0.417,2.57750792557887e-26,"3","NPC2"
"ERGIC31",2.79809628827531e-30,0.439179203545977,0.578,0.31,4.62749164154971e-26,"3","ERGIC3"
"COPE1",2.9497958572569e-30,0.500778493991542,0.732,0.484,4.87837238873146e-26,"3","COPE"
"PLD31",4.44450297654392e-30,0.294402861558048,0.318,0.115,7.35031902260834e-26,"3","PLD3"
"IFI61",5.55781959830542e-30,0.729779220194777,0.52,0.263,9.19152205167751e-26,"3","IFI6"
"ATF41",7.02027119103356e-30,0.489589068081941,0.634,0.367,1.16101244957313e-25,"3","ATF4"
"LMNA",8.72380088858558e-30,0.348470248039209,0.321,0.114,1.44274219095428e-25,"3","LMNA"
"CNPY21",1.36843386809584e-29,0.3633653095881,0.525,0.261,2.26311593105691e-25,"3","CNPY2"
"BTG21",2.43761504447e-29,0.854997477298003,0.601,0.367,4.03132776054448e-25,"3","BTG2"
"LRPAP11",2.88487871600263e-28,0.352189882051822,0.48,0.231,4.77101242052515e-24,"3","LRPAP1"
"NDUFB71",3.92207681561979e-28,0.372732152205963,0.609,0.339,6.48633063767201e-24,"3","NDUFB7"
"RAB1A1",1.39658504170184e-27,0.326101182626037,0.366,0.152,2.3096723419665e-23,"3","RAB1A"
"ICAM2",2.22229526204186e-27,0.29797460592968,0.388,0.165,3.67523190436483e-23,"3","ICAM2"
"CUTA1",3.26018169534846e-27,0.460203356569905,0.726,0.477,5.39168848776728e-23,"3","CUTA"
"YIF1A",1.20463515197478e-26,0.2966294767058,0.344,0.14,1.99222561433589e-22,"3","YIF1A"
"SRM1",4.40556422551292e-26,0.372864774203555,0.405,0.182,7.28592211615326e-22,"3","SRM"
"TXN1",8.66885861123219e-26,0.334058631857382,0.536,0.278,1.43365583712558e-21,"3","TXN"
"LRRC59",2.57412542115576e-25,0.285566208942946,0.285,0.107,4.25708862150739e-21,"3","LRRC59"
"FCRL5",3.21706651195932e-25,0.28565646401178,0.433,0.199,5.32038459747833e-21,"3","FCRL5"
"CST31",3.22041019339481e-25,0.292823255757208,0.293,0.112,5.32591437783633e-21,"3","CST3"
"OS91",3.27459798923536e-25,0.349438426630684,0.461,0.232,5.41553015459744e-21,"3","OS9"
"HIST1H1C1",4.08114043088859e-25,0.558581542784091,0.394,0.184,6.74939004460355e-21,"3","HIST1H1C"
"COX5A1",4.34157598051453e-25,0.396834421073106,0.662,0.409,7.18009835657493e-21,"3","COX5A"
"SDF41",1.13870826051781e-24,0.295068937012863,0.383,0.173,1.88319572124436e-20,"3","SDF4"
"UFM11",1.70267853956977e-24,0.360320836344638,0.447,0.223,2.81588976874048e-20,"3","UFM1"
"ACADVL1",3.03295338175938e-24,0.319377894563891,0.397,0.183,5.01589830275367e-20,"3","ACADVL"
"SOCS31",3.77087717769853e-24,0.591955744607939,0.332,0.146,6.23627667647783e-20,"3","SOCS3"
"CCDC1671",5.34992862962367e-24,0.321492621052638,0.377,0.17,8.84771196767163e-20,"3","CCDC167"
"TMBIM61",5.65070438078084e-24,0.484340050430839,0.835,0.638,9.34513490493534e-20,"3","TMBIM6"
"BSG1",2.3249513177797e-23,0.348463890765907,0.573,0.333,3.84500448934406e-19,"3","BSG"
"VKORC11",5.56308941094662e-23,0.257840655216243,0.327,0.138,9.20023726782352e-19,"3","VKORC1"
"ST6GALNAC4",1.22723685879084e-22,0.256347948605478,0.288,0.114,2.02960431706829e-18,"3","ST6GALNAC4"
"SRPRA",1.39624402406754e-22,0.265287673054502,0.377,0.173,2.3091083670029e-18,"3","SRPRA"
"CD381",1.56263228941689e-22,0.283267115945132,0.26,0.097,2.58428128023765e-18,"3","CD38"
"PDIA31",6.33715502573578e-22,0.419631083700937,0.645,0.417,1.04803869815618e-17,"3","PDIA3"
"MESDC2",6.41899523423557e-22,0.278977040215987,0.36,0.165,1.06157343183788e-17,"3","MESDC2"
"GUK11",8.31923382643181e-22,0.361796885077207,0.687,0.442,1.37583489021529e-17,"3","GUK1"
"AUP1",3.53852640976953e-21,0.279649950333435,0.497,0.267,5.85201497647685e-17,"3","AUP1"
"TYROBP1",7.42711319309217e-21,0.251698220352898,0.268,0.106,1.22829597987358e-16,"3","TYROBP"
"SSR11",7.68644745403422e-21,0.33453585240295,0.422,0.22,1.27118467994818e-16,"3","SSR1"
"PSAP1",8.5716157593486e-21,0.333748116854475,0.682,0.432,1.41757381428107e-16,"3","PSAP"
"CD3D1",5.16071062095836e-20,0.263220388049322,0.472,0.25,8.53478322494094e-16,"3","CD3D"
"SERP1",1.55710504975108e-19,0.501265786664487,0.81,0.66,2.57514033127834e-15,"3","SERP1"
"RP11-160E2.6",2.17524314261719e-19,0.29568263862893,0.33,0.152,3.5974171092603e-15,"3","RP11-160E2.6"
"S100A91",2.59149935597034e-18,0.395277803909651,0.363,0.189,4.28582163490374e-14,"3","S100A9"
"ZNF7061",4.38281159380895e-18,0.338784015668187,0.587,0.383,7.24829381384125e-14,"3","ZNF706"
"IGHM",4.46823253780933e-18,4.45984271400911,0.263,0.545,7.38956297102906e-14,"3","IGHM"
"S100A81",6.40758765704127e-18,0.437738032779877,0.363,0.196,1.05968684672149e-13,"3","S100A8"
"NDUFB6",8.57670011983421e-18,0.265851697156452,0.402,0.21,1.41841466581818e-13,"3","NDUFB6"
"VIM1",3.49764059105521e-17,0.689294228000635,0.785,0.636,5.7843980094871e-13,"3","VIM"
"PSENEN",9.11811216215011e-17,0.271834781329086,0.408,0.225,1.50795338937639e-12,"3","PSENEN"
"B2M1",5.49002453554551e-16,0.381944898650327,1,1,9.07940257688516e-12,"3","B2M"
"TOR3A1",9.13254936017809e-16,0.284305217250335,0.358,0.19,1.51034101318625e-11,"3","TOR3A"
"POLR2L1",1.13644931382773e-15,0.275232027897974,0.64,0.426,1.8794598752083e-11,"3","POLR2L"
"CXCL81",2.51868683478086e-15,0.400955664479028,0.36,0.199,4.16540428736059e-11,"3","CXCL8"
"ATRAID1",2.52294321408646e-15,0.260731084463638,0.469,0.284,4.17244348745618e-11,"3","ATRAID"
"COX7A21",2.83242704607078e-15,0.372341427773411,0.824,0.667,4.68426784879185e-11,"3","COX7A2"
"NDUFA12",3.00665139861105e-15,0.292105754903576,0.735,0.537,4.97240008302295e-11,"3","NDUFA1"
"ANXA21",3.32188850002016e-15,0.366085662809031,0.425,0.251,5.49373920133333e-11,"3","ANXA2"
"ATP6V0B1",3.94437041237522e-15,0.30800898136389,0.556,0.364,6.52319978798614e-11,"3","ATP6V0B"
"MIF1",5.82619465164349e-15,0.375448995304392,0.788,0.635,9.63536071488801e-11,"3","MIF"
"IDH21",7.68417380106486e-15,0.305147533050804,0.411,0.237,1.27080866322011e-10,"3","IDH2"
"SSR21",1.0147387231661e-14,0.365234400361817,0.768,0.602,1.6781749003721e-10,"3","SSR2"
"NDUFC21",1.73385829899151e-14,0.253706752866969,0.528,0.336,2.86745485487216e-10,"3","NDUFC2"
"RGS11",2.71143083465011e-14,0.780038686848018,0.617,0.445,4.48416431434435e-10,"3","RGS1"
"ISG201",1.35950547238803e-13,0.481506801633885,0.746,0.595,2.24835015023532e-09,"3","ISG20"
"LYZ1",3.02117757255002e-13,0.292863082728172,0.271,0.142,4.99642346948322e-09,"3","LYZ"
"PRDX51",5.37537881745766e-13,0.295596621520291,0.606,0.438,8.88980148831149e-09,"3","PRDX5"
"TPD52",2.99843950610669e-12,0.267422247134058,0.497,0.333,4.95881925519925e-08,"3","TPD52"
"RPL36AL1",3.38894682923996e-12,0.314958401448857,0.908,0.837,5.60464026619705e-08,"3","RPL36AL"
"POU2AF1",9.92264941520328e-12,0.274727817083108,0.453,0.294,1.64100776028632e-07,"3","POU2AF1"
"EMP3",2.54069650867399e-11,0.267492367530762,0.637,0.466,4.20180388604505e-07,"3","EMP3"
"JTB",4.72671836619618e-11,0.25389737404992,0.628,0.469,7.81704683401524e-07,"3","JTB"
"NDUFB111",8.62837389768853e-11,0.251171568590877,0.656,0.499,1.42696047519973e-06,"3","NDUFB11"
"HLA-C1",1.3563154241557e-10,0.453853644896285,0.989,0.991,2.24307444846869e-06,"3","HLA-C"
"OST4",6.6238114325711e-10,0.325628792395173,0.863,0.769,1.09544593471861e-05,"3","OST4"
"S100A61",1.10834980145906e-08,0.276325112106042,0.665,0.522,0.000183298890165299,"3","S100A6"
"EAF2",1.79063801514053e-07,0.257888902261902,0.338,0.227,0.0029613571494394,"3","EAF2"
"H1FX1",2.11870099916442e-06,0.312117856471131,0.271,0.179,0.0350390771241811,"3","H1FX"
"IER21",2.65771231205732e-06,0.58626838931259,0.606,0.535,0.043953246216804,"3","IER2"
"HLA-B1",7.68328880842984e-05,0.31132239109187,1,0.999,1,"3","HLA-B"
"ISG152",0.000110502495957714,0.293655786849412,0.458,0.365,1,"3","ISG15"
"WDR74",0.000118171464604613,0.270712652221231,0.251,0.182,1,"3","WDR74"
"CD79A1",0.000332155600702364,0.29502329625242,0.841,0.933,1,"3","CD79A"
"HSPA1A",0,3.70468717111231,0.968,0.137,0,"4","HSPA1A"
"HSPA1B",0,3.26910038434841,0.929,0.134,0,"4","HSPA1B"
"DNAJB1",1.09338501349333e-294,2.93864636523621,0.929,0.185,1.80824013531527e-290,"4","DNAJB1"
"HSPH1",8.76064401508311e-272,1.45995255946898,0.727,0.092,1.44883530721444e-267,"4","HSPH1"
"HSPA6",1.33136087642707e-222,2.41146454417038,0.393,0.025,2.20180461743509e-218,"4","HSPA6"
"HSPB1",4.86143457211726e-190,2.38184635191135,0.815,0.198,8.03984049536753e-186,"4","HSPB1"
"HSP90AA1",2.4905146197081e-178,3.32165517105357,0.99,0.61,4.11881307807326e-174,"4","HSP90AA1"
"DNAJB4",1.37186042383911e-162,0.485002121433582,0.312,0.022,2.26878276894512e-158,"4","DNAJB4"
"HSPE1",2.30829948918923e-150,1.68782592922493,0.932,0.429,3.81746569522115e-146,"4","HSPE1"
"CACYBP",4.50781864496539e-142,1.15080455237063,0.744,0.199,7.45503047504376e-138,"4","CACYBP"
"IER5",1.09007075657743e-117,1.25991100949646,0.607,0.146,1.80275901722776e-113,"4","IER5"
"DNAJA1",3.70029659396544e-114,1.11321861238395,0.789,0.272,6.11955050710005e-110,"4","DNAJA1"
"HSPD1",1.22898644850224e-105,1.02269782455118,0.75,0.263,2.03249778853301e-101,"4","HSPD1"
"HSP90AB1",2.46750915148914e-90,1.21278015015445,0.955,0.675,4.08076663473273e-86,"4","HSP90AB1"
"HSPA8",8.56328046265272e-81,1.26811278971386,0.925,0.665,1.41619532291351e-76,"4","HSPA8"
"MTRNR2L12",7.37056122627119e-80,0.713985068066579,0.597,0.181,1.21894341560073e-75,"4","MTRNR2L12"
"RPL30",2.94584925542558e-77,0.772971623009294,1,0.991,4.87184549862283e-73,"4","RPL30"
"IL1B",3.31740990257487e-69,0.432692166164912,0.38,0.081,5.48633249687832e-65,"4","IL1B"
"RPL381",5.7972259645867e-65,0.746497097283299,1,0.973,9.58745230023348e-61,"4","RPL38"
"FKBP4",7.5771173915535e-63,0.555291493392459,0.357,0.081,1.25310367421512e-58,"4","FKBP4"
"CXCL82",1.73164568607883e-62,0.558620955558574,0.584,0.189,2.86379563563716e-58,"4","CXCL8"
"RPL37",2.32639203681932e-60,0.693219994109351,1,0.989,3.8473871504918e-56,"4","RPL37"
"RPS291",7.36313079780517e-60,0.633483640004536,1,0.997,1.21771457134102e-55,"4","RPS29"
"DEDD2",1.25915186807436e-59,0.498036487414631,0.435,0.122,2.08238535942137e-55,"4","DEDD2"
"RPL37A",8.14586151235852e-59,0.667306655528919,1,0.993,1.34716257691385e-54,"4","RPL37A"
"TPT1",8.43099118724084e-59,0.703863489894872,1,0.992,1.39431732254589e-54,"4","TPT1"
"RPS20",9.14877836120162e-59,0.712452259266974,1,0.986,1.51302496537552e-54,"4","RPS20"
"RPL28",2.4604798805522e-58,0.668721181483563,1,0.995,4.06914162645722e-54,"4","RPL28"
"S100A92",2.46458294938569e-55,0.53659649718901,0.542,0.182,4.07592728169406e-51,"4","S100A9"
"CHORDC1",1.40733211775825e-53,0.391054010152602,0.383,0.101,2.32744585634859e-49,"4","CHORDC1"
"RPLP21",2.98368581370894e-53,0.599664586829538,1,0.998,4.93441959871184e-49,"4","RPLP2"
"RPS21",3.00315496265113e-52,0.661613604629256,1,0.967,4.96661767723244e-48,"4","RPS21"
"RPS11",2.25497645092437e-51,0.598969674735447,1,0.985,3.72928005453872e-47,"4","RPS11"
"RPS25",9.73362942304188e-50,0.563824206107594,1,0.992,1.60974763398267e-45,"4","RPS25"
"UBB",1.72813689334203e-49,0.742029915737586,0.977,0.875,2.85799279420905e-45,"4","UBB"
"S100A82",2.91240333590464e-49,0.474531184216396,0.536,0.189,4.8165326369191e-45,"4","S100A8"
"RPS27",3.00063609869035e-49,0.513507110069495,1,1,4.96245198001409e-45,"4","RPS27"
"RPL31",1.82213488711075e-48,0.579738882178312,1,0.993,3.01344667630375e-44,"4","RPL31"
"RPL361",3.01573022501289e-48,0.549773665041584,1,0.99,4.98741464612631e-44,"4","RPL36"
"FAU",1.20313289703788e-47,0.502699869635784,1,0.991,1.98974118512125e-43,"4","FAU"
"ZFAND2A",6.56436425123662e-46,0.432425110480239,0.279,0.065,1.08561455986951e-41,"4","ZFAND2A"
"UBC",2.17593193301538e-45,0.959944304096687,0.971,0.919,3.59855623082083e-41,"4","UBC"
"RPS231",4.46862456743155e-45,0.571750792093597,1,0.993,7.3902113096183e-41,"4","RPS23"
"AHSA1",3.3524704941546e-44,0.460862342215734,0.435,0.15,5.54431570323287e-40,"4","AHSA1"
"CD831",2.11118508166984e-43,0.787052322077434,0.669,0.332,3.49147788806557e-39,"4","CD83"
"ZNF90",5.69192557044286e-43,0.624765208215702,0.867,0.51,9.4133065083984e-39,"4","ZNF90"
"XAF1",1.30804145265927e-41,0.456013026091829,0.425,0.145,2.1632389544079e-37,"4","XAF1"
"RPL23A",3.82677078921563e-41,0.512142547566571,1,0.994,6.32871353120481e-37,"4","RPL23A"
"TOMM71",4.81082897244685e-41,0.58134254051084,0.968,0.836,7.9561489546326e-37,"4","TOMM7"
"CD371",5.25066109639155e-40,0.617724708766176,0.974,0.813,8.68354332121234e-36,"4","CD37"
"CD481",3.04968580747453e-39,0.636448033196566,0.903,0.611,5.04357038840138e-35,"4","CD48"
"RPL9",1.60947718991663e-38,0.502736277140214,1,0.992,2.66175337668413e-34,"4","RPL9"
"TXNIP",2.76160728684603e-38,0.729752624178863,0.873,0.595,4.56714613098596e-34,"4","TXNIP"
"DDIT3",1.6741320809283e-37,0.343883315378858,0.282,0.076,2.76867963543923e-33,"4","DDIT3"
"HLA-B2",2.12518420488543e-37,0.452083493760751,1,0.999,3.51462963803952e-33,"4","HLA-B"
"RPL36A1",2.1260709491283e-36,0.56757799384343,0.994,0.934,3.51609613566838e-32,"4","RPL36A"
"GGA2",1.50463715144452e-35,0.46668864691722,0.597,0.284,2.48836892105896e-31,"4","GGA2"
"RPS12",2.82120563498288e-34,0.559259709753274,1,0.997,4.66570987913468e-30,"4","RPS12"
"MALAT1",3.75790702516742e-34,0.428660120181614,1,0.999,6.21482663822188e-30,"4","MALAT1"
"RPS101",4.43378491680317e-34,0.504938467188749,0.997,0.947,7.33259349540909e-30,"4","RPS10"
"RPL19",7.86475470713343e-34,0.4518327615539,1,0.995,1.30067313346573e-29,"4","RPL19"
"RPL221",3.36889533022793e-33,0.475685074669623,0.994,0.961,5.57147909713095e-29,"4","RPL22"
"MYLIP",1.48841787237709e-32,0.447393962886765,0.373,0.137,2.46154547733723e-28,"4","MYLIP"
"RPL41",1.53578894579231e-32,0.401999757302789,1,1,2.53988775855133e-28,"4","RPL41"
"RPL27A1",1.69516632979263e-32,0.432309913746007,1,0.996,2.80346607621105e-28,"4","RPL27A"
"PTGES3",3.90129561968871e-32,0.477250112400123,0.76,0.449,6.45196269584119e-28,"4","PTGES3"
"MRPL18",7.37448077603005e-32,0.405147028336767,0.416,0.167,1.21959163073985e-27,"4","MRPL18"
"RPL121",1.01312556793551e-30,0.446503435091329,1,0.991,1.67550706425174e-26,"4","RPL12"
"RPS281",1.17267925369309e-30,0.4041370066802,1,0.996,1.93937694975764e-26,"4","RPS28"
"RPL261",3.12635458828669e-30,0.416662432523132,1,0.993,5.17036521810853e-26,"4","RPL26"
"CLK1",9.57074954301821e-30,0.485294023556285,0.581,0.305,1.58281055942435e-25,"4","CLK1"
"RPL32",1.42285814550585e-29,0.42039755012081,1,0.997,2.35312280103757e-25,"4","RPL32"
"SOD1",2.14510412449824e-29,0.503030991172665,0.734,0.47,3.54757320109519e-25,"4","SOD1"
"RPS13",6.28772108208841e-29,0.42753690012995,1,0.987,1.03986331255578e-24,"4","RPS13"
"RPL27",6.86250693268874e-29,0.444363686390091,1,0.981,1.13492139652806e-24,"4","RPL27"
"RPL141",7.19798727428297e-29,0.416478741925073,1,0.984,1.19040313542092e-24,"4","RPL14"
"RPL231",9.93370001417766e-29,0.47569053817483,1,0.94,1.6428353083447e-24,"4","RPL23"
"RPL35A",2.05114336960373e-28,0.400891858422711,1,0.994,3.39218090465064e-24,"4","RPL35A"
"PMAIP1",1.60667698757397e-27,0.479380288156149,0.513,0.255,2.65712240204983e-23,"4","PMAIP1"
"RPS24",1.62338894184062e-27,0.396666914581169,1,0.98,2.68476063201602e-23,"4","RPS24"
"NBEAL11",4.70597427095277e-27,0.478163690788102,0.974,0.773,7.78274024930169e-23,"4","NBEAL1"
"RPL21",6.40356866724898e-27,0.374997081859447,1,0.998,1.05902218618964e-22,"4","RPL21"
"EBLN3",9.2662916268683e-27,0.418933291435779,0.51,0.249,1.53245930925148e-22,"4","EBLN3"
"RPL291",2.02077366383829e-26,0.392683427613953,1,0.988,3.34195548525576e-22,"4","RPL29"
"STIP1",1.06061904083297e-25,0.300034624200064,0.302,0.109,1.75405176972957e-21,"4","STIP1"
"RPL17",1.6060431150251e-25,0.435385375039207,0.977,0.866,2.6560741036285e-21,"4","RPL17"
"COX7C",1.77273424920254e-25,0.417726047831655,0.971,0.898,2.93174790133116e-21,"4","COX7C"
"RPS16",6.84421620463597e-25,0.369083684996331,1,0.993,1.1318964759227e-20,"4","RPS16"
"RPL24",6.92404032661834e-25,0.38364064837842,0.997,0.965,1.14509778921614e-20,"4","RPL24"
"RPS27A",1.57635150827556e-24,0.357057292643796,1,0.997,2.60697012438613e-20,"4","RPS27A"
"AC090498.11",2.29081991580203e-24,0.457296420905988,0.955,0.803,3.78855797675341e-20,"4","AC090498.1"
"SOD2",6.35590204272421e-24,0.316238102664384,0.383,0.164,1.05113907982573e-19,"4","SOD2"
"CWF19L2",9.72769261404706e-24,0.315472277327943,0.354,0.147,1.6087658045111e-19,"4","CWF19L2"
"CCT4",9.86252642608425e-24,0.390821590575173,0.526,0.28,1.63106462034581e-19,"4","CCT4"
"UBA52",1.03704476022421e-23,0.374522619369324,1,0.978,1.71506462445879e-19,"4","UBA52"
"EIF4A2",1.74562547367129e-23,0.455589412065243,0.883,0.69,2.88691540835758e-19,"4","EIF4A2"
"RPL35",2.70445060011038e-23,0.355764383206268,1,0.994,4.47262040246255e-19,"4","RPL35"
"NACA",2.94030182022018e-23,0.39036165373969,0.994,0.944,4.86267115028014e-19,"4","NACA"
"GADD45B",3.00602016875871e-23,0.704717623547302,0.523,0.286,4.97135615509316e-19,"4","GADD45B"
"NAP1L11",3.39476129876308e-23,0.450119471708277,0.886,0.644,5.61425623589438e-19,"4","NAP1L1"
"FTH1",3.99995145739607e-23,0.272362625457512,1,0.994,6.61511972024162e-19,"4","FTH1"
"RPL13A",4.88845852335796e-23,0.36281948296625,1,0.999,8.0845327059294e-19,"4","RPL13A"
"RPL11",8.2686039079899e-23,0.347220597303652,1,0.997,1.36746171430337e-18,"4","RPL11"
"ID3",1.24756295603153e-22,0.576120322187359,0.406,0.195,2.06321961668494e-18,"4","ID3"
"C6orf48",1.80253113394595e-22,0.42035383958763,0.744,0.48,2.98102598931981e-18,"4","C6orf48"
"STK17A",4.50008904873862e-22,0.427919448913417,0.782,0.534,7.44224726880393e-18,"4","STK17A"
"SAMSN1",4.50333832400736e-22,0.444823643804639,0.487,0.258,7.44762092024338e-18,"4","SAMSN1"
"LNPEP",4.59732767241541e-22,0.340875153738702,0.37,0.166,7.6030605046406e-18,"4","LNPEP"
"RPS15",1.0758594573746e-21,0.316191408486491,1,0.997,1.77925637060611e-17,"4","RPS15"
"RPL7A",1.69235020233374e-21,0.343065691894209,1,0.985,2.79880876461954e-17,"4","RPL7A"
"TCP1",2.71548325580297e-21,0.325476140262514,0.416,0.2,4.49086620844695e-17,"4","TCP1"
"RPSA1",7.8059818341103e-21,0.387000037146829,0.997,0.973,1.29095327572516e-16,"4","RPSA"
"RPS171",8.08078805639974e-21,0.336920617600809,1,0.995,1.33640072876739e-16,"4","RPS17"
"CDC42EP3",8.11524738415349e-21,0.316408129961892,0.256,0.096,1.3420996123913e-16,"4","CDC42EP3"
"ZFAS11",1.01285857044034e-20,0.436944015893837,0.867,0.636,1.67506550379424e-16,"4","ZFAS1"
"RPLP1",1.05973759011524e-20,0.333561337796474,1,1,1.75259402653258e-16,"4","RPLP1"
"PNRC2",2.7914384512884e-20,0.319628525863086,0.438,0.221,4.61648091074075e-16,"4","PNRC2"
"IRF8",7.92521242501884e-20,0.424381407813014,0.692,0.46,1.31067163084962e-15,"4","IRF8"
"GLTSCR21",2.15435227841765e-19,0.423448106736755,0.951,0.827,3.5628677980471e-15,"4","GLTSCR2"
"MS4A11",2.18519466919171e-19,0.420749333361719,0.948,0.761,3.61387494390925e-15,"4","MS4A1"
"EEF1A1",2.76366645188202e-19,0.343407786675645,1,0.999,4.57055157812248e-15,"4","EEF1A1"
"MUM1",6.75074044926343e-19,0.25591370757093,0.282,0.116,1.11643745549919e-14,"4","MUM1"
"PLEKHF2",6.96324211218258e-19,0.311413257354934,0.425,0.216,1.15158098051275e-14,"4","PLEKHF2"
"PPP1R2",1.07489007048804e-18,0.405608407684384,0.516,0.311,1.77765319857312e-14,"4","PPP1R2"
"TAF1D",1.128211972911e-18,0.331277316583322,0.549,0.314,1.86583696080021e-14,"4","TAF1D"
"ST13",5.52978592994811e-18,0.373611618988403,0.649,0.434,9.14515997094819e-14,"4","ST13"
"RAC21",6.05813587333841e-18,0.383289065412048,0.867,0.687,1.00189451073271e-13,"4","RAC2"
"IFI44L1",1.14990909302762e-17,0.273066104096052,0.409,0.198,1.90171965804908e-13,"4","IFI44L"
"AIM21",1.69341959152299e-17,0.342143301263773,0.338,0.162,2.80057732046072e-13,"4","AIM2"
"TAF7",2.12869127434088e-17,0.365663729829257,0.62,0.403,3.52042962950495e-13,"4","TAF7"
"MRPL44",2.96662109731173e-17,0.277007178029363,0.289,0.125,4.90619797073414e-13,"4","MRPL44"
"C8orf59",4.03078076371853e-17,0.297877177045268,0.523,0.305,6.6661052270377e-13,"4","C8orf59"
"FCMR1",5.78706364308123e-17,0.35984200726852,0.555,0.332,9.57064585292774e-13,"4","FCMR"
"NFKBIE",1.22977711319183e-16,0.275207809002213,0.256,0.108,2.03380538979665e-12,"4","NFKBIE"
"RPL18",1.27093708646476e-16,0.295905103115985,1,0.99,2.10187575359542e-12,"4","RPL18"
"RAN",1.78185608736404e-16,0.304383713101936,0.721,0.493,2.94683359728265e-12,"4","RAN"
"CHI3L21",1.79307059065988e-16,0.445594981465416,0.442,0.241,2.96538014283332e-12,"4","CHI3L2"
"HNRNPC",1.97971343358026e-16,0.324471671080245,0.756,0.531,3.27405007645504e-12,"4","HNRNPC"
"RPS18",2.25306052660824e-16,0.316029849231353,1,0.999,3.7261114989047e-12,"4","RPS18"
"LSM14A",2.43642270392115e-16,0.316141243825652,0.494,0.282,4.0293558677448e-12,"4","LSM14A"
"SWAP70",2.57644970575564e-16,0.335543707828745,0.494,0.294,4.26093252337867e-12,"4","SWAP70"
"RP11-255M2.3",2.58970739020489e-16,0.285293426272865,0.494,0.277,4.28285808192084e-12,"4","RP11-255M2.3"
"NHSL2",2.62447677828602e-16,0.284194510907496,0.481,0.267,4.34035969592941e-12,"4","NHSL2"
"ANP32B",3.0964488013657e-16,0.321084419314166,0.646,0.428,5.1209070276986e-12,"4","ANP32B"
"EEF1B21",3.52645541507456e-16,0.368455187096293,0.981,0.907,5.83205196545031e-12,"4","EEF1B2"
"TRMT112",4.9831621569342e-16,0.371613855978938,0.737,0.565,8.24115357513779e-12,"4","TRMT112"
"KMT2E",5.19008346568955e-16,0.304049041466855,0.614,0.396,8.58336003555738e-12,"4","KMT2E"
"LYSMD2",6.44416550653187e-16,0.275655120221535,0.406,0.215,1.06573609147024e-11,"4","LYSMD2"
"SNHG7",9.5022049033838e-16,0.360374673464047,0.571,0.37,1.57147464692161e-11,"4","SNHG7"
"CSTB",1.09916579211993e-15,0.338731349050706,0.581,0.383,1.81780038700794e-11,"4","CSTB"
"RPL391",1.22926071847753e-15,0.295234138439921,1,0.992,2.03295137621814e-11,"4","RPL39"
"IFI16",1.25729730401785e-15,0.315226320013683,0.675,0.443,2.07931828138473e-11,"4","IFI16"
"DEK",1.29469298344014e-15,0.31664163293453,0.497,0.294,2.1411632560133e-11,"4","DEK"
"RSRC2",1.61809054012145e-15,0.3118326519056,0.461,0.271,2.67599813525285e-11,"4","RSRC2"
"DDIT41",1.90380157986871e-15,0.573457973066067,0.422,0.244,3.14850705278687e-11,"4","DDIT4"
"ATP6V1G1",3.21395162076022e-15,0.300563039582317,0.821,0.63,5.31523319041326e-11,"4","ATP6V1G1"
"PPP1R15A1",3.87765045006598e-15,0.463003272854805,0.756,0.562,6.41285831431912e-11,"4","PPP1R15A"
"NSA2",5.45011558395458e-15,0.322003948355709,0.552,0.349,9.01340115274409e-11,"4","NSA2"
"CHMP5",7.48241765588752e-15,0.26702552965339,0.386,0.207,1.23744223193068e-10,"4","CHMP5"
"SELL1",8.06425784626967e-15,0.35811356268029,0.76,0.544,1.33366696261608e-10,"4","SELL"
"RPS7",1.17023264353232e-14,0.269588459361089,1,0.987,1.93533074587376e-10,"4","RPS7"
"EVI2B1",1.33041331580433e-14,0.322542023609634,0.76,0.542,2.20023754167721e-10,"4","EVI2B"
"BANK11",1.40709554576913e-14,0.351150740462639,0.737,0.53,2.32705461359298e-10,"4","BANK1"
"NOP10",1.70432790827695e-14,0.2952913255529,0.643,0.433,2.81861749470841e-10,"4","NOP10"
"GPBP1",1.9015565118599e-14,0.310103900245866,0.484,0.297,3.14479415931391e-10,"4","GPBP1"
"BST2",2.05321311959819e-14,0.275743570705012,0.64,0.417,3.39560385719149e-10,"4","BST2"
"P2RY10",2.06252102751376e-14,0.282560588948301,0.308,0.152,3.41099727530226e-10,"4","P2RY10"
"COMMD6",2.42422832871974e-14,0.333680096147841,0.903,0.733,4.0091888100367e-10,"4","COMMD6"
"CKS2",2.58177167665264e-14,0.293516824495735,0.286,0.136,4.26973399884814e-10,"4","CKS2"
"DUSP2",2.88491834556023e-14,0.537262657889981,0.406,0.23,4.7710779598875e-10,"4","DUSP2"
"BBX",5.10786483999259e-14,0.292771923047595,0.409,0.232,8.44738687237974e-10,"4","BBX"
"SAT11",5.29271925488395e-14,0.409284273944993,0.828,0.659,8.75309910372708e-10,"4","SAT1"
"MAP1LC3B",5.74091458406621e-14,0.2884746283701,0.497,0.307,9.4943245391287e-10,"4","MAP1LC3B"
"PIK3IP1",5.74531137551934e-14,0.339981689284765,0.403,0.231,9.50159595283389e-10,"4","PIK3IP1"
"RHOB",7.03235398904355e-14,0.32505618273517,0.325,0.167,1.16301070270802e-09,"4","RHOB"
"HIGD2A",8.94577582683064e-14,0.307605982405713,0.649,0.453,1.47945240624125e-09,"4","HIGD2A"
"GSTO1",1.38771915635562e-13,0.251219427712742,0.425,0.245,2.29500994078092e-09,"4","GSTO1"
"RPL131",1.53963457994766e-13,0.270235964089625,1,0.999,2.54624766831744e-09,"4","RPL13"
"FNIP1",2.13786192776445e-13,0.268407497493143,0.364,0.197,3.53559605613684e-09,"4","FNIP1"
"RPL51",2.33289047783849e-13,0.27081463998722,1,0.971,3.8581342722493e-09,"4","RPL5"
"CCT3",3.69915432122784e-13,0.286104826124363,0.468,0.29,6.11766141644661e-09,"4","CCT3"
"GCC2",4.36681964549928e-13,0.304062374261474,0.406,0.238,7.2218463297267e-09,"4","GCC2"
"RPS141",4.86017765989088e-13,0.258291718662527,1,0.996,8.03776181392753e-09,"4","RPS14"
"TAGAP",5.26159070921752e-13,0.329085515304502,0.37,0.211,8.70161871490394e-09,"4","TAGAP"
"RPL18A1",5.96816163541859e-13,0.260271078996795,1,0.997,9.87014571265526e-09,"4","RPL18A"
"RP5-887A10.11",1.04760687528811e-12,0.345982091091166,0.38,0.209,1.73253225035147e-08,"4","RP5-887A10.1"
"TRIM22",1.15978658726117e-12,0.283946110942491,0.39,0.224,1.91805505801252e-08,"4","TRIM22"
"CXCR41",1.34946675779138e-12,0.442205065697736,0.909,0.775,2.23174812403538e-08,"4","CXCR4"
"RPS3A1",2.05438146222693e-12,0.264142907143075,1,0.991,3.39753606223089e-08,"4","RPS3A"
"CYTIP",2.1833296417715e-12,0.36295491661212,0.623,0.463,3.61079056156171e-08,"4","CYTIP"
"LY9",2.56000729253214e-12,0.266842597422004,0.351,0.193,4.23374006038966e-08,"4","LY9"
"CCNI",2.62930164402409e-12,0.267655850853719,0.88,0.679,4.34833905888704e-08,"4","CCNI"
"DRAM2",2.68836582601464e-12,0.260979452304393,0.575,0.379,4.44601940306302e-08,"4","DRAM2"
"PPM1K",3.75752491300296e-12,0.307692806146121,0.51,0.332,6.21419470112429e-08,"4","PPM1K"
"TOMM20",4.09897288496367e-12,0.25401318958491,0.529,0.347,6.77888135715291e-08,"4","TOMM20"
"CD531",5.47613326629381e-12,0.276353214549356,0.857,0.697,9.0564291957967e-08,"4","CD53"
"CD241",6.00498478862531e-12,0.337089534965629,0.503,0.329,9.93104384342854e-08,"4","CD24"
"HLA-DMB1",7.34238062522027e-12,0.297442541483372,0.786,0.569,1.21428290779893e-07,"4","HLA-DMB"
"RPS191",1.44095892172634e-11,0.268641240563199,1,0.999,2.38305786475102e-07,"4","RPS19"
"UQCRB",1.81571726353585e-11,0.311515079652645,0.88,0.748,3.00283321043559e-07,"4","UQCRB"
"HLA-DQA12",1.84695855300461e-11,0.319451842977366,0.958,0.802,3.05450005495903e-07,"4","HLA-DQA1"
"MARCKSL11",2.41028900254786e-11,0.270074603715498,0.545,0.366,3.98613595241365e-07,"4","MARCKSL1"
"TMEM156",3.95015385828819e-11,0.271510725854958,0.364,0.211,6.53276445083701e-07,"4","TMEM156"
"MPHOSPH8",4.08885178803996e-11,0.286806405194039,0.477,0.317,6.76214308706049e-07,"4","MPHOSPH8"
"IFITM2",5.35923013887014e-11,0.253031000038981,0.805,0.631,8.86309480366344e-07,"4","IFITM2"
"HLA-DRA2",1.19194226546085e-10,0.28816287535859,1,0.939,1.97123411861915e-06,"4","HLA-DRA"
"TNFAIP8",1.64534043646446e-10,0.273114350994979,0.565,0.399,2.72106401382492e-06,"4","TNFAIP8"
"UBE2B",2.06554738508643e-10,0.270734430142456,0.399,0.253,3.41600226545594e-06,"4","UBE2B"
"ZFP36L1",3.36969289300254e-10,0.340445615662551,0.669,0.493,5.5727981064476e-06,"4","ZFP36L1"
"SEC62",4.0118750307816e-10,0.277359614860488,0.705,0.538,6.6348389259066e-06,"4","SEC62"
"TCF41",5.31563342696581e-10,0.258520311858792,0.442,0.287,8.79099456151606e-06,"4","TCF4"
"STAG31",8.32103511237015e-10,0.264523513296891,0.305,0.171,1.37613278688378e-05,"4","STAG3"
"ARID5B",1.03948375267316e-09,0.289608331802314,0.419,0.272,1.71909823017086e-05,"4","ARID5B"
"RGS21",1.16579861157828e-09,0.319791766889632,0.406,0.253,1.92799774382815e-05,"4","RGS2"
"CD79B1",5.92579568219882e-09,0.256228867045749,0.919,0.746,9.80008089922041e-05,"4","CD79B"
"PLAC81",7.39768753754956e-09,0.291845226386718,0.601,0.455,0.000122342956495995,"4","PLAC8"
"IL4R1",1.18230385750552e-08,0.333291982319637,0.25,0.142,0.000195529411954263,"4","IL4R"
"GPR1831",7.48678076016127e-08,0.271901229619475,0.49,0.347,0.00123816380211547,"4","GPR183"
"DUSP11",1.29938213560542e-06,0.259208405869954,0.87,0.775,0.0214891817586424,"4","DUSP1"
"FCER21",0.000219011212447367,0.259685171959568,0.373,0.288,1,"4","FCER2"
